Trip_Year,Trip_Month,end station name,end station latitude,end station longitude,trip_count
2020,4,1 Ave & E 110 St,40.7923272,-73.9383,4415
2020,4,1 Ave & E 16 St,40.73221853,-73.98165557,4415
2020,4,1 Ave & E 18 St,40.73381219196632,-73.9805442094803,4415
2020,4,1 Ave & E 30 St,40.74144387,-73.97536082,4415
2020,4,1 Ave & E 44 St,40.75001986,-73.96905301,4415
2020,4,1 Ave & E 5 St,40.725864,-73.986389,4415
2020,4,1 Ave & E 62 St,40.761227399999996,-73.96094022,4415
2020,4,1 Ave & E 68 St,40.76500525,-73.95818491,4415
2020,4,1 Ave & E 78 St,40.77,-73.953,4415
2020,4,1 Ave & E 78 St,40.77140426,-73.9535166,4415
2020,4,1 Ave & E 94 St,40.78172120000001,-73.94594000000001,4415
2020,4,1 Pl & Clinton St,40.6809591,-73.99905709,4415
2020,4,10 Ave & W 28 St,40.75066386,-74.00176802,4415
2020,4,10 St & 2 Ave,40.671907,-73.993612,4415
2020,4,10 St & 5 Ave,40.6686273,-73.98700053,4415
2020,4,10 St & 7 Ave,40.666207799999995,-73.98199886,4415
2020,4,11 Ave & W 27 St,40.751396,-74.00522600000001,4415
2020,4,11 Ave & W 41 St,40.76030096,-73.99884222,4415
2020,4,11 Ave & W 59 St,40.771496710544405,-73.99046033620834,4415
2020,4,11 St & 35 Ave,40.76274420000001,-73.9391141,4415
2020,4,11 St & 43 Ave,40.7519071,-73.94791190000001,4415
2020,4,12 Ave & W 125 St,40.818298999999996,-73.96040500000001,4415
2020,4,12 Ave & W 40 St,40.76087502,-74.00277668,4415
2020,4,12 St & 4 Ave,40.668603000000004,-73.99043940000001,4415
2020,4,14 St & 5 Ave,40.666287,-73.98895053,4415
2020,4,14 St & 7 Ave,40.663779,-73.98396846,4415
2020,4,19 St & 24 Ave,40.777455200000006,-73.9225403,4415
2020,4,2 Ave & 36 St,40.65708866668485,-74.00870203971863,4415
2020,4,2 Ave & E 104 St,40.789210499999996,-73.94370784,4415
2020,4,2 Ave & E 122 St,40.8006721,-73.9349,4415
2020,4,2 Ave & E 31 St,40.74290902,-73.97706058,4415
2020,4,2 Ave & E 72 St,40.7687620293096,-73.95840793848038,4415
2020,4,2 Ave & E 96 St,40.7839636,-73.94716729999999,4415
2020,4,2 Ave & E 99 St,40.786258600000004,-73.94552579,4415
2020,4,21 St & 31 Dr,40.7659,-73.930819,4415
2020,4,21 St & 36 Ave,40.760185299999996,-73.9362726,4415
2020,4,21 St & 38 Ave,40.7576314,-73.9391224,4415
2020,4,21 St & 43 Ave,40.75052534,-73.94594845,4415
2020,4,21 St & Hoyt Ave S,40.774645,-73.92370600000001,4415
2020,4,21 St & Queens Plaza North,40.75325964,-73.94335788,4415
2020,4,23 Ave & 27 St,40.776165,-73.9153175,4415
2020,4,24 Ave & 26 St,40.774591,-73.918544,4415
2020,4,24 Ave & 29 St,40.7729,-73.91614200000001,4415
2020,4,24 St & 41 Ave,40.752474,-73.939991,4415
2020,4,27 Ave & 3 St,40.77485,-73.9342,4415
2020,4,27 Ave & 9 St,40.7739825,-73.93091340000001,4415
2020,4,27 St & Hunter St,40.7485,-73.941275,4415
2020,4,28 Ave & 35 St,40.7671,-73.9169858,4415
2020,4,28 Ave & 44 St,40.76408932350689,-73.9106512069702,4415
2020,4,28 St & 36 Ave,40.757186,-73.93271899999999,4415
2020,4,28 St & 41 Ave,40.751047,-73.93796999999999,4415
2020,4,3 Ave & 14 St,40.6685455,-73.99333264,4415
2020,4,3 Ave & Carroll St,40.677027,-73.9865,4415
2020,4,3 Ave & E 100 St,40.787721399999995,-73.94728331,4415
2020,4,3 Ave & E 112 St,40.795508,-73.94160600000001,4415
2020,4,3 Ave & E 62 St,40.76312584,-73.96526895,4415
2020,4,3 Ave & E 71 St,40.76873687,-73.96119945,4415
2020,4,3 Ave & E 72 St,40.7699426,-73.96060712,4415
2020,4,3 Ave & Schermerhorn St,40.68683208,-73.9796772,4415
2020,4,3 St & 3 Ave,40.675070500000004,-73.98775226,4415
2020,4,3 St & 7 Ave,40.67038370000001,-73.97839676,4415
2020,4,3 St & Hoyt St,40.6777287,-73.99364123,4415
2020,4,3 St & Prospect Park West,40.668132,-73.97363831,4415
2020,4,30 Ave & 21 St,40.77037429999999,-73.9286078,4415
2020,4,31 Ave & 14 St,40.7682,-73.9322662,4415
2020,4,31 Ave & 30 St,40.7647,-73.9240312,4415
2020,4,31 Ave & 34 St,40.763154,-73.920827,4415
2020,4,31 Ave & Crescent St,40.765834600000005,-73.9265474,4415
2020,4,31 Ave & Steinway St,40.761148799999994,-73.9170071,4415
2020,4,31 St & 23 Ave,40.7747878,-73.91255509999999,4415
2020,4,31 St & Astoria Blvd,40.76991760000001,-73.91840570000001,4415
2020,4,31 St & Broadway,40.761584,-73.925921,4415
2020,4,31 St & Hoyt Ave N,40.771152799999996,-73.9170074,4415
2020,4,31 St & Newtown Ave,40.7675487799971,-73.92093345522879,4415
2020,4,31 St & Northern Blvd,40.75186951421875,-73.93349289894103,4415
2020,4,31 St & Thomson Ave,40.74469738,-73.93540375,4415
2020,4,34 Ave & 13 St,40.763875299999995,-73.9364848,4415
2020,4,34 Ave & 21 St,40.762813799999996,-73.9342862,4415
2020,4,34 Ave & 38 St,40.756913,-73.921631,4415
2020,4,34 St & 35 Ave,40.756933200000006,-73.92622309999999,4415
2020,4,35 Ave & 10 St,40.763154819103725,-73.93985509872438,4415
2020,4,35 Ave & 37 St,40.7557327,-73.92366109999999,4415
2020,4,35 St & 34 Ave,40.7580583,-73.92427509999999,4415
2020,4,35 St & Broadway,40.760339,-73.9222427,4415
2020,4,36 Ave & 10 St,40.7614376,-73.9411265,4415
2020,4,36 Ave & 31 St,40.75651272984955,-73.92957486212252,4415
2020,4,37 Ave & 35 St,40.7531106,-73.9279917,4415
2020,4,37 St & 24 Ave,40.7701477,-73.9120938,4415
2020,4,38 Ave & 29 St,40.75473,-73.93366999999999,4415
2020,4,39 St & 2 Ave,40.65539977447831,-74.0106278657913,4415
2020,4,4 Ave & 9 St,40.6705135,-73.98876585,4415
2020,4,4 Ave & E 12 St,40.732647,-73.99011,4415
2020,4,40 Ave & 9 St,40.75742,-73.945133,4415
2020,4,40 Ave & Crescent St,40.7535992020056,-73.9379560947418,4415
2020,4,43 St & Broadway,40.7577284,-73.9166368,4415
2020,4,44 Dr & 21 St,40.748000000000005,-73.94609270000001,4415
2020,4,44 Dr & Jackson Ave,40.74718234,-73.9432635,4415
2020,4,45 Rd & 11 St,40.74708586,-73.94977234,4415
2020,4,46 Ave & 5 St,40.74731,-73.95451,4415
2020,4,47 Ave & 31 St,40.743,-73.93561,4415
2020,4,47 Ave & Skillman Ave,40.7437524099784,-73.94176483154297,4415
2020,4,48 Ave & 30 Pl,40.74128309355993,-73.93725872039794,4415
2020,4,48 Ave & 5 St,40.74436328706688,-73.95587325096129,4415
2020,4,49 Ave & 21 St,40.74252,-73.948852,4415
2020,4,5 Ave & 3 St,40.672815500000006,-73.98352355,4415
2020,4,5 Ave & E 103 St,40.792255299999994,-73.95249933,4415
2020,4,5 Ave & E 126 St,40.806979999999996,-73.94174699999999,4415
2020,4,5 Ave & E 29 St,40.7451677,-73.98683077,4415
2020,4,5 Ave & E 63 St,40.766368,-73.971518,4415
2020,4,5 Ave & E 63 St,40.766999999999996,-73.971,4415
2020,4,5 Ave & E 73 St,40.77282817,-73.96685276,4415
2020,4,5 Ave & E 73 St,40.773,-73.968,4415
2020,4,5 Ave & E 78 St,40.775999999999996,-73.965,4415
2020,4,5 Ave & E 78 St,40.77632142182271,-73.96427392959596,4415
2020,4,5 Ave & E 88 St,40.782,-73.959,4415
2020,4,5 Ave & E 88 St,40.78307,-73.95939,4415
2020,4,5 Ave & E 93 St,40.785785100000005,-73.957481,4415
2020,4,5 St & 51 Ave,40.7423737,-73.9566,4415
2020,4,5 St & 6 Ave,40.670483600000004,-73.98208968,4415
2020,4,6 Ave & 12 St,40.666318100000005,-73.9854617,4415
2020,4,6 Ave & 9 St,40.668127,-73.98377641,4415
2020,4,6 Ave & Broome St,40.72430832160217,-74.00473035871983,4415
2020,4,6 Ave & Canal St,40.72243797,-74.00566443,4415
2020,4,6 Ave & W 33 St,40.74901271,-73.98848395,4415
2020,4,6 Ave & W 34 St,40.74964,-73.98805,4415
2020,4,6 St & 7 Ave,40.668662700000006,-73.97988067,4415
2020,4,7 Ave & Central Park South,40.7667405590595,-73.9790689945221,4415
2020,4,7 Ave & Park Pl,40.67761470000001,-73.97324283,4415
2020,4,7 St & 3 Ave,40.67260298150126,-73.98983001708984,4415
2020,4,7 St & 5 Ave,40.670492200000005,-73.98541675,4415
2020,4,8 Ave & W 31 St,40.7505853470215,-73.9946848154068,4415
2020,4,8 Ave & W 33 St,40.751551,-73.993934,4415
2020,4,8 Ave & W 52 St,40.76370739,-73.9851615,4415
2020,4,9 Ave & W 18 St,40.74317449,-74.00366443,4415
2020,4,9 Ave & W 22 St,40.7454973,-74.00197139,4415
2020,4,9 Ave & W 28 St,40.74937024193277,-73.99923384189607,4415
2020,4,9 Ave & W 45 St,40.76019252,-73.9912551,4415
2020,4,9 St & 44 Rd,40.74966,-73.9521,4415
2020,4,Adam Clayton Powell Blvd & W 115 St,40.802535,-73.9532423,4415
2020,4,Adam Clayton Powell Blvd & W 118 St,40.804372,-73.951475,4415
2020,4,Adam Clayton Powell Blvd & W 123 St,40.8078316,-73.949373,4415
2020,4,Adam Clayton Powell Blvd & W 126 St,40.809,-73.947,4415
2020,4,Adam Clayton Powell Blvd & W 126 St,40.809495347779475,-73.94776493310928,4415
2020,4,Adelphi St & Myrtle Ave,40.69308257,-73.97178913,4415
2020,4,Albany Ave & Fulton St,40.6800105,-73.938475,4415
2020,4,Allen St & Hester St,40.71605866,-73.99190759,4415
2020,4,Allen St & Rivington St,40.72019576,-73.98997825,4415
2020,4,Allen St & Stanton St,40.722055,-73.989111,4415
2020,4,Amsterdam Ave & W 119 St,40.8086249,-73.9596214,4415
2020,4,Amsterdam Ave & W 125 St,40.813358,-73.956461,4415
2020,4,Amsterdam Ave & W 66 St,40.7746671,-73.98470567,4415
2020,4,Amsterdam Ave & W 73 St,40.779668090073116,-73.98093044757842,4415
2020,4,Amsterdam Ave & W 79 St,40.7829391,-73.9786517,4415
2020,4,Amsterdam Ave & W 82 St,40.78524672,-73.97667321,4415
2020,4,Astoria Park S & Shore Blvd,40.7767,-73.927631,4415
2020,4,Atlantic Ave & Fort Greene Pl,40.68382604,-73.97632328,4415
2020,4,Atlantic Ave & Furman St,40.69165183,-73.99997859999999,4415
2020,4,Avenue C & E 18 St,40.730563000000004,-73.973984,4415
2020,4,Avenue D & E 12 St,40.72580614,-73.97422494,4415
2020,4,Avenue D & E 3 St,40.72082834,-73.97793172,4415
2020,4,Avenue D & E 8 St,40.72387,-73.975767,4415
2020,4,Baltic St & 5 Ave,40.6795766,-73.97854971,4415
2020,4,Bank St & Hudson St,40.73652889,-74.00618026,4415
2020,4,Bank St & Washington St,40.7361967,-74.00859207,4415
2020,4,Banker St & Meserole Ave,40.72606,-73.95621,4415
2020,4,Barclay St & Church St,40.71291224,-74.01020234,4415
2020,4,Barrow St & Hudson St,40.73172428,-74.00674436,4415
2020,4,Bayard St & Baxter St,40.71602118,-73.99974372,4415
2020,4,Bayard St & Leonard St,40.71915571696044,-73.94885390996933,4415
2020,4,Beaver St & Fayette St,40.700990000000004,-73.93921,4415
2020,4,Bedford Ave & Bergen St,40.676368,-73.95291800000001,4415
2020,4,Bedford Ave & Montgomery St,40.665816,-73.95693399999999,4415
2020,4,Bedford Ave & Nassau Ave,40.72311651,-73.95212324,4415
2020,4,Bedford Ave & S 9 St,40.70853074,-73.96408963,4415
2020,4,Bergen St & Flatbush Ave,40.680944723477296,-73.97567331790923,4415
2020,4,Bergen St & Smith St,40.686744299999994,-73.99063168,4415
2020,4,Bergen St & Vanderbilt Ave,40.6794388,-73.96804379999999,4415
2020,4,Berkeley Pl & 6 Ave,40.6765304,-73.97846879,4415
2020,4,Berkeley Pl & 7 Ave,40.675146838709786,-73.9752320945263,4415
2020,4,Berry St & N 8 St,40.7190095,-73.95852515,4415
2020,4,Bialystoker Pl & Delancey St,40.71622644,-73.98261206,4415
2020,4,Boerum St & Broadway,40.70538077,-73.94976519,4415
2020,4,Bond St & Bergen St,40.6849668,-73.98620772,4415
2020,4,Bond St & Fulton St,40.68962188790333,-73.98304268717766,4415
2020,4,Broad St & Bridge St,40.70365182,-74.01167797,4415
2020,4,Broadway & 12 St,40.7668,-73.93477740000002,4415
2020,4,Broadway & Battery Pl,40.70463334,-74.01361706,4415
2020,4,Broadway & Berry St,40.71044554,-73.96525063,4415
2020,4,Broadway & E 14 St,40.73454567,-73.99074142,4415
2020,4,Broadway & E 22 St,40.740343200000005,-73.98955109,4415
2020,4,Broadway & Furman Ave,40.68139,-73.90756,4415
2020,4,Broadway & Hancock St,40.68663,-73.9168,4415
2020,4,Broadway & Kosciuszko St,40.693290000000005,-73.92851999999999,4415
2020,4,Broadway & Madison St,40.68822,-73.91966,4415
2020,4,Broadway & Moylan Pl,40.8143256,-73.9590255,4415
2020,4,Broadway & Moylan Pl,40.815,-73.959,4415
2020,4,Broadway & Roebling St,40.70924826276157,-73.96063148975372,4415
2020,4,Broadway & W 122 St,40.8120562,-73.9612547,4415
2020,4,Broadway & W 25 St,40.74286877312112,-73.98918628692627,4415
2020,4,Broadway & W 29 St,40.7462009,-73.98855723,4415
2020,4,Broadway & W 36 St,40.75097711,-73.98765428,4415
2020,4,Broadway & W 37 St,40.75172632,-73.98753523,4415
2020,4,Broadway & W 38 St,40.75299641,-73.98721619,4415
2020,4,Broadway & W 41 St,40.75513557,-73.98658032,4415
2020,4,Broadway & W 49 St,40.76068327096592,-73.98452728986742,4415
2020,4,Broadway & W 51 St,40.76228826,-73.98336183,4415
2020,4,Broadway & W 53 St,40.76344058,-73.98268129,4415
2020,4,Broadway & W 56 St,40.764,-73.983,4415
2020,4,Broadway & W 56 St,40.7652654,-73.98192338,4415
2020,4,Broadway & W 60 St,40.76915505,-73.98191841,4415
2020,4,Broadway & W 60 St,40.77,-73.983,4415
2020,4,Broadway & Whipple St,40.7016657,-73.9437303,4415
2020,4,Brooklyn Bridge Park - Pier 2,40.698458,-73.997178,4415
2020,4,Bus Slip & State St,40.701907,-74.013942,4415
2020,4,Bushwick Ave & Dekalb Ave,40.69502,-73.92825,4415
2020,4,Bushwick Ave & Forrest St,40.700759999999995,-73.93641,4415
2020,4,Bushwick Ave & Furman Ave,40.682809999999996,-73.90623000000001,4415
2020,4,Bushwick Ave & Harman St,40.69356,-73.92524,4415
2020,4,Bushwick Ave & Linden St,40.69146,-73.92146,4415
2020,4,Bushwick Ave & McKibbin St,40.705517,-73.93936,4415
2020,4,Bushwick Ave & Powers St,40.71247661,-73.94100005,4415
2020,4,Bushwick Ave & Stagg St,40.709897,-73.94008000000001,4415
2020,4,Butler St & Court St,40.6849894,-73.99440329,4415
2020,4,Cadman Plaza E & Johnson St,40.69531727766904,-73.99015724658966,4415
2020,4,Cadman Plaza E & Red Cross Pl,40.69991755,-73.98971773,4415
2020,4,Calyer St & Jewel St,40.72984,-73.94839,4415
2020,4,Cambridge Pl & Gates Ave,40.68488,-73.96304,4415
2020,4,Canal St & Rutgers St,40.71427487,-73.98990025,4415
2020,4,Carlton Ave & Dean St,40.68097410000001,-73.97100970000001,4415
2020,4,Carlton Ave & Flushing Ave,40.697787,-73.973736,4415
2020,4,Carlton Ave & Park Ave,40.69580705,-73.97355569,4415
2020,4,Carmine St & 6 Ave,40.73038599,-74.00214988,4415
2020,4,Carroll St & 5 Ave,40.6751622,-73.9814832,4415
2020,4,Carroll St & 6 Ave,40.6740886,-73.9787282,4415
2020,4,Carroll St & Bond St,40.6786115,-73.99037292,4415
2020,4,Carroll St & Columbia St,40.6830456,-74.00348559,4415
2020,4,Carroll St & Franklin Ave,40.6679411,-73.9588,4415
2020,4,Carroll St & Smith St,40.680611,-73.99475825,4415
2020,4,Carroll St & Washington Ave,40.6686744,-73.9618148,4415
2020,4,Cathedral Pkwy & Broadway,40.804213,-73.96699104,4415
2020,4,Catherine St & Monroe St,40.71117444,-73.99682619,4415
2020,4,Cedar St & Evergreen Ave,40.696709999999996,-73.92806999999999,4415
2020,4,Cedar St & Myrtle Ave,40.697842,-73.926241,4415
2020,4,Center Blvd & 48 Ave,40.745038,-73.957539,4415
2020,4,Center Blvd & 51 Ave,40.74336608027021,-73.95960688591003,4415
2020,4,Central Ave & Covert St,40.68929,-73.90951,4415
2020,4,Central Ave & Decatur St,40.6882,-73.90798000000001,4415
2020,4,Central Ave & Flushing Ave,40.702831,-73.9333,4415
2020,4,Central Ave & Himrod St,40.69676,-73.92302,4415
2020,4,Central Ave & Melrose St,40.70112,-73.93039,4415
2020,4,Central Ave & Starr Street,40.700003,-73.92834,4415
2020,4,Central Ave & Weirfield St,40.69055,-73.91181,4415
2020,4,Central Ave & Woodbine St,40.69296,-73.91605,4415
2020,4,Central Park North & Adam Clayton Powell Blvd,40.799484,-73.955613,4415
2020,4,Central Park S & 6 Ave,40.76590936,-73.97634151,4415
2020,4,Central Park S & 6 Ave,40.766999999999996,-73.977,4415
2020,4,Central Park W & W 96 St,40.791270000000004,-73.964839,4415
2020,4,Central Park West & W 100 St,40.794066608185524,-73.96286845207214,4415
2020,4,Central Park West & W 102 St,40.795346,-73.96186,4415
2020,4,Central Park West & W 68 St,40.7734066,-73.97782542,4415
2020,4,Central Park West & W 72 St,40.77579376683666,-73.97620573639871,4415
2020,4,Central Park West & W 76 St,40.77896784,-73.97374737,4415
2020,4,Central Park West & W 85 St,40.78472675,-73.96961715,4415
2020,4,Central Park West & W 85 St,40.785,-73.971,4415
2020,4,Centre St & Chambers St,40.71273266,-74.0046073,4415
2020,4,Centre St & Seneca Ave,40.699690000000004,-73.9022,4415
2020,4,Centre St & Worth St,40.71494807,-74.00234482,4415
2020,4,Cherry St,40.71219906,-73.97948148,4415
2020,4,Christopher St & Greenwich St,40.73291553,-74.00711384,4415
2020,4,Clark St & Henry St,40.69760127,-73.99344559,4415
2020,4,Classon Ave & St Marks Ave,40.676519799999994,-73.9596082,4415
2020,4,Clermont Ave & Lafayette Ave,40.68764484,-73.96968902,4415
2020,4,Clermont Ave & Park Ave,40.69573398,-73.97129668,4415
2020,4,Cleveland Pl & Spring St,40.72210378668603,-73.99724900722505,4415
2020,4,Cliff St & Fulton St,40.70838,-74.00495,4415
2020,4,Clinton Ave & Flushing Ave,40.69794,-73.96986848,4415
2020,4,Clinton Ave & Myrtle Ave,40.693261,-73.968896,4415
2020,4,Clinton St & 4 Place,40.6783563,-74.00014502,4415
2020,4,Clinton St & Centre St,40.67434,-74.00194698,4415
2020,4,Clinton St & Grand St,40.71559509,-73.9870295,4415
2020,4,Clinton St & Joralemon St,40.69239502,-73.99337909,4415
2020,4,Clinton St & Union St,40.683116399999996,-73.99785267,4415
2020,4,Coffey St & Conover St,40.677236,-74.015665,4415
2020,4,Columbia Heights & Cranberry St,40.70037867,-73.99548059,4415
2020,4,Columbia St & Degraw St,40.6859296,-74.00242364,4415
2020,4,Columbia St & Kane St,40.68763155,-74.0016256,4415
2020,4,Columbia St & Lorraine St,40.6747055,-74.00755720000001,4415
2020,4,Columbia St & Rivington St,40.71739973,-73.98016555,4415
2020,4,Columbia St & W 9 St,40.6769993,-74.00647134,4415
2020,4,Columbus Ave & W 103 St,40.7969347,-73.9643412291,4415
2020,4,Columbus Ave & W 72 St,40.7770575,-73.97898475,4415
2020,4,Columbus Ave & W 95 St,40.7919557,-73.968087,4415
2020,4,Commerce St & Van Brunt St,40.681211700000006,-74.00860912,4415
2020,4,Concord St & Bridge St,40.69766564,-73.98476437,4415
2020,4,Congress St & Clinton St,40.6881529,-73.99520919,4415
2020,4,Cooper Square & Astor Pl,40.729514962249496,-73.99075269699097,4415
2020,4,Court St & Nelson St,40.6763947,-73.99869893,4415
2020,4,Court St & State St,40.6902375,-73.99203074,4415
2020,4,Crescent St & 30 Ave,40.768692,-73.9249574,4415
2020,4,Crescent St & 34 Ave,40.76108,-73.930562,4415
2020,4,Crescent St & 35 Ave,40.7596276,-73.93214549999999,4415
2020,4,Crescent St & Broadway,40.7633589,-73.92864709999999,4415
2020,4,Crescent St & Ditmars Blvd,40.7787185,-73.9145645,4415
2020,4,Cumberland St & Lafayette Ave,40.68753406,-73.97265183,4415
2020,4,Cypress Ave & George St,40.69812,-73.90271,4415
2020,4,Cypress Ave & Palmetto St,40.70157340873792,-73.90876293182373,4415
2020,4,DeKalb Ave & Franklin Ave,40.69064807082943,-73.95746178925037,4415
2020,4,DeKalb Ave & Hudson Ave,40.689888,-73.981013,4415
2020,4,DeKalb Ave & S Portland Ave,40.68981035,-73.97493121,4415
2020,4,DeKalb Ave & Vanderbilt Ave,40.68940747,-73.96885458,4415
2020,4,Dean St & 4 Ave,40.68312489,-73.97895137,4415
2020,4,Dean St & Franklin Ave,40.67759206937376,-73.95563721656801,4415
2020,4,Dean St & Hoyt St,40.686444200000004,-73.98759104,4415
2020,4,Degraw St & Hoyt St,40.68199044270703,-73.99079024791719,4415
2020,4,Degraw St & Smith St,40.6829151,-73.99318208,4415
2020,4,Delancey St & Eldridge St,40.719383,-73.991479,4415
2020,4,Devoe St & Lorimer St,40.71335226222875,-73.9491033554077,4415
2020,4,Devoe St & Morgan Ave,40.713811,-73.93515,4415
2020,4,Ditmars Blvd & 19 St,40.78145,-73.9183302,4415
2020,4,Division Ave & Hooper St,40.70684203101325,-73.9544353965357,4415
2020,4,Division Ave & Marcy Ave,40.70708701,-73.95796783,4415
2020,4,Division St & Bowery,40.714193,-73.996732,4415
2020,4,Dock 72 Way & Market St,40.69985,-73.97140999999999,4415
2020,4,Douglass St & 3 Ave,40.6802133,-73.98432695,4415
2020,4,Douglass St & 4 Ave,40.67927879999999,-73.98154004,4415
2020,4,Driggs Ave & Lorimer St,40.72179134,-73.95041540000001,4415
2020,4,Driggs Ave & N 9 St,40.71816969454208,-73.95520135760306,4415
2020,4,Driggs Ave & N Henry St,40.72325,-73.94308000000001,4415
2020,4,Duane St & Greenwich St,40.71748752,-74.0104554,4415
2020,4,Duffield St & Willoughby St,40.69221589,-73.9842844,4415
2020,4,Dwight St & Van Dyke St,40.67363551341504,-74.01195555925368,4415
2020,4,E 10 St & 5 Ave,40.73331967,-73.99510132,4415
2020,4,E 10 St & Avenue A,40.72740794,-73.98142006,4415
2020,4,E 102 St & 1 Ave,40.7869946,-73.94164802,4415
2020,4,E 102 St & Park Ave,40.7904828,-73.95033068,4415
2020,4,E 103 St & Lexington Ave,40.790305100000005,-73.94755757,4415
2020,4,E 106 St & 1 Ave,40.7892529,-73.93956237,4415
2020,4,E 106 St & Lexington Ave,40.791976,-73.945993,4415
2020,4,E 106 St & Madison Ave,40.79343370000001,-73.94945003,4415
2020,4,E 109 St & 3 Ave,40.79329668,-73.9432083,4415
2020,4,E 11 St & 1 Ave,40.72953837,-73.98426726,4415
2020,4,E 11 St & 2 Ave,40.73047309,-73.98672378,4415
2020,4,E 11 St & Avenue B,40.727464206923926,-73.97950418293476,4415
2020,4,E 110 St & Madison Ave,40.796153499999996,-73.94782145,4415
2020,4,E 114 St & 1 Ave,40.79456629999999,-73.9362541,4415
2020,4,E 115 St & Lexington Ave,40.797911,-73.9423,4415
2020,4,E 115 St & Madison Ave,40.7989445,-73.944846,4415
2020,4,E 116 St & 2 Ave,40.796879,-73.93726099999999,4415
2020,4,E 118 St & 1 Ave,40.797470000000004,-73.93504,4415
2020,4,E 118 St & 3 Ave,40.799139000000004,-73.9389152,4415
2020,4,E 118 St & Madison Ave,40.801486600000004,-73.9442507,4415
2020,4,E 118 St & Park Ave,40.8005385,-73.9419949,4415
2020,4,E 12 St & 3 Ave,40.73223272,-73.98889957,4415
2020,4,E 12 St & Ave C,40.727243,-73.976831,4415
2020,4,E 123 St & Lexington Ave,40.802926299999996,-73.9379,4415
2020,4,E 128 St & Madison Ave,40.807559999999995,-73.93918199999999,4415
2020,4,E 13 St & Avenue A,40.72966729392978,-73.98067966103555,4415
2020,4,E 15 St & 3 Ave,40.734232,-73.986923,4415
2020,4,E 16 St & 5 Ave,40.73726186,-73.99238967,4415
2020,4,E 16 St & Irving Pl,40.735367055605394,-73.98797392845155,4415
2020,4,E 17 St & Broadway,40.73704984,-73.99009296,4415
2020,4,E 19 St & 3 Ave,40.73624527,-73.98473765,4415
2020,4,E 2 St & 2 Ave,40.72502876,-73.99069656,4415
2020,4,E 2 St & Avenue A,40.72307749068673,-73.98583620786667,4415
2020,4,E 2 St & Avenue B,40.72217444,-73.98368779,4415
2020,4,E 2 St & Avenue C,40.720873600000004,-73.98085795,4415
2020,4,E 20 St & 2 Ave,40.73587678,-73.98205027,4415
2020,4,E 20 St & FDR Drive,40.73314259,-73.97573881,4415
2020,4,E 20 St & Park Ave,40.73827428,-73.98751968,4415
2020,4,E 23 St & 1 Ave,40.736502,-73.97809472,4415
2020,4,E 24 St & Park Ave S,40.74096374,-73.98602213,4415
2020,4,E 25 St & 1 Ave,40.736999999999995,-73.977,4415
2020,4,E 25 St & 1 Ave,40.7381765,-73.97738662,4415
2020,4,E 25 St & 2 Ave,40.73912601,-73.97973776,4415
2020,4,E 27 St & 1 Ave,40.739445,-73.97680600000001,4415
2020,4,E 30 St & Park Ave S,40.74444921,-73.98303529,4415
2020,4,E 31 St & 3 Ave,40.74394314,-73.97966069,4415
2020,4,E 32 St & Park Ave,40.745712100000006,-73.98194829,4415
2020,4,E 33 St & 1 Ave,40.743,-73.97399999999999,4415
2020,4,E 33 St & 1 Ave,40.74322681432173,-73.97449783980845,4415
2020,4,E 33 St & 5 Ave,40.74765947,-73.98490707,4415
2020,4,E 39 St & 2 Ave,40.74780373,-73.97344190000001,4415
2020,4,E 39 St & 3 Ave,40.7489006,-73.97604882,4415
2020,4,E 4 St & 2 Ave,40.726280700000004,-73.98978041,4415
2020,4,E 41 St & Madison Ave,40.752165280621966,-73.97992193698882,4415
2020,4,E 43 St & 2 Ave,40.75022392,-73.97121414,4415
2020,4,E 43 St & 5 Ave,40.754120810779256,-73.98025184869765,4415
2020,4,E 45 St & 3 Ave,40.75255434,-73.97282625,4415
2020,4,E 47 St & 1 Ave,40.751999999999995,-73.968,4415
2020,4,E 47 St & 1 Ave,40.75206862,-73.96784384,4415
2020,4,E 47 St & 2 Ave,40.75323098,-73.97032517,4415
2020,4,E 47 St & Park Ave,40.75510267,-73.97498696,4415
2020,4,E 48 St & 3 Ave,40.7546011026,-73.971878855,4415
2020,4,E 48 St & 5 Ave,40.75724567911726,-73.97805914282799,4415
2020,4,E 5 St & Avenue C,40.72299208,-73.97995466,4415
2020,4,E 51 St & 1 Ave,40.75455731,-73.96592976,4415
2020,4,E 51 St & 2 Ave,40.755293,-73.967641,4415
2020,4,E 51 St & Lexington Ave,40.75714758,-73.97207836,4415
2020,4,E 53 St & Lexington Ave,40.75828065,-73.97069431,4415
2020,4,E 53 St & Madison Ave,40.75971079999999,-73.97402311,4415
2020,4,E 55 St & 2 Ave,40.75797322,-73.96603308,4415
2020,4,E 56 St & 3 Ave,40.75934501,-73.96759673,4415
2020,4,E 56 St & Madison Ave,40.761573,-73.972628,4415
2020,4,E 58 St &  1 Ave (NW Corner),40.758,-73.962,4415
2020,4,E 58 St &  1 Ave (NW Corner),40.759125,-73.96265799999999,4415
2020,4,E 58 St & 1 Ave (NE Corner),40.75892386377695,-73.96226227283478,4415
2020,4,E 58 St & 3 Ave,40.76095756,-73.96724467,4415
2020,4,E 58 St & 3 Ave,40.760999999999996,-73.968,4415
2020,4,E 58 St & Madison Ave,40.763025942805186,-73.97209525108337,4415
2020,4,E 59 St & Madison Ave,40.76350532,-73.97109243,4415
2020,4,E 6 St & Avenue B,40.72453734,-73.98185424,4415
2020,4,E 6 St & Avenue D,40.72228087,-73.97668709,4415
2020,4,E 60 St & York Ave,40.759107,-73.959223,4415
2020,4,E 63 St & 3 Ave,40.763954,-73.9646,4415
2020,4,E 65 St & 2 Ave,40.76471851944339,-73.96222069859505,4415
2020,4,E 66 St & Madison Ave,40.768008893059466,-73.96845281124116,4415
2020,4,E 67 St & Park Ave,40.766999999999996,-73.965,4415
2020,4,E 67 St & Park Ave,40.76780080148132,-73.96592080593109,4415
2020,4,E 68 St & 3 Ave,40.76712840349542,-73.96224617958069,4415
2020,4,E 68 St & Madison Ave,40.7691572,-73.96703464,4415
2020,4,E 7 St & Avenue A,40.72621788,-73.98379855,4415
2020,4,E 72 St & Park Ave,40.77118287540658,-73.96409422159195,4415
2020,4,E 72 St & York Ave,40.76663814,-73.95348296,4415
2020,4,E 74 St & 1 Ave,40.7689738,-73.95482273,4415
2020,4,E 75 St & 3 Ave,40.77112927,-73.95772297,4415
2020,4,E 76 St & Park Ave,40.773,-73.962,4415
2020,4,E 76 St & Park Ave,40.773763,-73.96222088,4415
2020,4,E 77 St & 3 Ave,40.77314236,-73.95856158,4415
2020,4,E 78 St & 2 Ave,40.7727966,-73.95577801,4415
2020,4,E 81 St & 2 Ave,40.77477944895728,-73.95427465438844,4415
2020,4,E 81 St & 3 Ave,40.77573034,-73.9567526,4415
2020,4,E 81 St & Park Ave,40.77677702,-73.95900970000001,4415
2020,4,E 81 St & York Ave,40.7728384,-73.94989233,4415
2020,4,E 82 St & East End Ave,40.7724607,-73.9468208,4415
2020,4,E 84 St & 1 Ave,40.77565541,-73.95068615,4415
2020,4,E 84 St & Park Ave,40.77862688,-73.95772073,4415
2020,4,E 84 St & Park Ave,40.779,-73.959,4415
2020,4,E 85 St & 3 Ave,40.77801203,-73.95407149,4415
2020,4,E 85 St & 3 Ave,40.779,-73.953,4415
2020,4,E 85 St & York Ave,40.77536905,-73.94803392,4415
2020,4,E 88 St & 1 Ave,40.778301,-73.9488134,4415
2020,4,E 88 St & Park Ave,40.781410700190015,-73.95595908164978,4415
2020,4,E 89 St & 3 Ave,40.7806284,-73.9521667,4415
2020,4,E 89 St & 3 Ave,40.782,-73.953,4415
2020,4,E 89 St & York Ave,40.7779453,-73.94604100000001,4415
2020,4,E 9 St & Avenue C,40.72521311,-73.97768752,4415
2020,4,E 91 St & 2 Ave,40.781122299341654,-73.94965589046478,4415
2020,4,E 91 St & 2 Ave,40.782,-73.95,4415
2020,4,E 91 St & Park Ave,40.7835016,-73.955327,4415
2020,4,E 93 St & 2 Ave,40.78245417527987,-73.94891962409021,4415
2020,4,E 95 St & 3 Ave,40.7849032,-73.950503,4415
2020,4,E 97 St & 3 Ave,40.7859201,-73.94860294,4415
2020,4,E 97 St & Madison Ave,40.787801,-73.953559,4415
2020,4,E 98 St & Park Ave,40.788129999999995,-73.95206,4415
2020,4,East End Ave & E 86 St,40.77518615,-73.94446054,4415
2020,4,Eastern Pkwy & Franklin Ave,40.670776700000005,-73.9576801,4415
2020,4,Eastern Pkwy & Washington Ave,40.6716493,-73.9631145,4415
2020,4,Eldert St & Bushwick Ave,40.68652,-73.91320999999999,4415
2020,4,Emerson Pl & Myrtle Ave,40.69363137,-73.96223558,4415
2020,4,Engert Ave & McGuinness Blvd,40.721579999999996,-73.94546,4415
2020,4,Evergreen Ave & Noll St,40.70106,-73.93318000000001,4415
2020,4,FDR Drive & E 35 St,40.744219,-73.97121214,4415
2020,4,Fairview Ave & Linden St,40.70694,-73.90632,4415
2020,4,Flushing Ave & Vanderbilt Ave,40.69795031569544,-73.97077560424805,4415
2020,4,Flushing Ave & Woodward Ave,40.71246,-73.91873000000001,4415
2020,4,Forest Ave & Summerfield St,40.699220000000004,-73.89795,4415
2020,4,Forsyth St & Broome St,40.71893904,-73.99266288,4415
2020,4,Forsyth St & Canal St,40.715815500000005,-73.99422366,4415
2020,4,Franklin Ave & Empire Blvd,40.663140000000006,-73.96056949999999,4415
2020,4,Franklin Ave & Myrtle Ave,40.694546087246025,-73.95801365375519,4415
2020,4,Franklin Ave & St Marks Ave,40.6758324,-73.95616770000001,4415
2020,4,Franklin St & Dupont St,40.735640000000004,-73.95866,4415
2020,4,Franklin St & W Broadway,40.71911552,-74.00666661,4415
2020,4,Frederick Douglass Blvd & W 112 St,40.801694,-73.957145,4415
2020,4,Frederick Douglass Blvd & W 115 St,40.8038654,-73.95593079999999,4415
2020,4,Frederick Douglass Blvd & W 117 St,40.805159,-73.95469200000001,4415
2020,4,Frederick Douglass Blvd & W 129 St,40.8125511,-73.9492286,4415
2020,4,Front St & Gold St,40.70224,-73.982578,4415
2020,4,Front St & Jay St,40.702461,-73.98684200000001,4415
2020,4,Front St & Maiden Ln,40.70530954,-74.00612572,4415
2020,4,Front St & Washington St,40.70255088,-73.98940236,4415
2020,4,Frost St & Debevoise Ave,40.71882,-73.93948,4415
2020,4,Frost St & Meeker Ave,40.71766197083994,-73.94880026578903,4415
2020,4,Fulton St & Adams St,40.692418292578466,-73.98949474096298,4415
2020,4,Fulton St & Broadway,40.711065999999995,-74.009447,4415
2020,4,Fulton St & Clermont Ave,40.68415748,-73.96922273,4415
2020,4,Fulton St & Irving Pl,40.68186,-73.95943199999999,4415
2020,4,Fulton St & Utica Ave,40.6794268,-73.92989109999999,4415
2020,4,Fulton St & Waverly Ave,40.68323865460341,-73.96599590778352,4415
2020,4,Fulton St & William St,40.70955958,-74.00653609,4415
2020,4,Gansevoort St & Hudson St,40.73944820130404,-74.00507032871245,4415
2020,4,Garfield Pl & 8 Ave,40.671197799999995,-73.97484126,4415
2020,4,George St & Wilson Ave,40.702996999999996,-73.92997,4415
2020,4,Graham Ave & Conselyea St,40.715143,-73.944507,4415
2020,4,Graham Ave & Grand St,40.711863,-73.944024,4415
2020,4,Graham Ave & Herbert St,40.71929301,-73.94500379,4415
2020,4,Graham Ave & Withers St,40.7169811,-73.94485918,4415
2020,4,Grand Army Plaza & Central Park S,40.764397100000004,-73.97371465,4415
2020,4,Grand Army Plaza & Plaza St West,40.6729679,-73.97087984,4415
2020,4,Grand Ave & Bergen St,40.678045000000004,-73.962408,4415
2020,4,Grand St & Elizabeth St,40.718821999999996,-73.99596,4415
2020,4,Grand St & Greene St,40.72170005235607,-74.00238141417502,4415
2020,4,Grand St & Havemeyer St,40.71286844,-73.95698119,4415
2020,4,Great Jones St,40.72743423,-73.99379025,4415
2020,4,Green St & McGuinness Blvd,40.733959999999996,-73.95204,4415
2020,4,Greene Av & Myrtle Av,40.698568,-73.918877,4415
2020,4,Greene Ave & Grandview Ave,40.709697,-73.90785600000001,4415
2020,4,Greene Ave & Nostrand Ave,40.68833370000001,-73.950916,4415
2020,4,Greene Ave & Throop Ave,40.6894932,-73.942061,4415
2020,4,Greenpoint Ave & Manhattan Ave,40.730259999999994,-73.95394,4415
2020,4,Greenwich Ave & 8 Ave,40.7390169121,-74.0026376103,4415
2020,4,Greenwich Ave & Charles St,40.735238,-74.000271,4415
2020,4,Greenwich St & W Houston St,40.728846000000004,-74.00859100000001,4415
2020,4,Grove St & Broadway,40.69047,-73.923511,4415
2020,4,Halsey St & Broadway,40.68565,-73.91564,4415
2020,4,Halsey St & Evergreen Ave,40.68858,-73.91226999999999,4415
2020,4,Halsey St & Tompkins Ave,40.682368700000005,-73.944118,4415
2020,4,Hancock St & Bedford Ave,40.68216564,-73.95399026,4415
2020,4,Hancock St & Wyckoff Ave,40.6972,-73.90674,4415
2020,4,Hanson Pl & Ashland Pl,40.68506807308177,-73.97790759801863,4415
2020,4,Harman St & Seneca Ave,40.70577,-73.91292,4415
2020,4,Harrison Pl & Porter Ave,40.70686,-73.92851,4415
2020,4,Harrison St & Hudson St,40.71870987,-74.0090009,4415
2020,4,Hart St & Wyckoff Ave,40.704876,-73.919911,4415
2020,4,Henry St & Atlantic Ave,40.69089272,-73.99612349,4415
2020,4,Henry St & Bay St,40.672505799999996,-74.00494695,4415
2020,4,Henry St & Degraw St,40.684751399999996,-73.99917254,4415
2020,4,Henry St & Grand St,40.714211,-73.981095,4415
2020,4,Henry St & Middagh St,40.7003,-73.99158100000001,4415
2020,4,Henry St & W 9 St,40.6763744,-74.00324957,4415
2020,4,Hicks St & Montague St,40.69512845,-73.99595065,4415
2020,4,Hope St & Union Ave,40.71167351,-73.95141312,4415
2020,4,Howard St & Centre St,40.71910537,-73.99973337,4415
2020,4,Hoyt St & Warren St,40.6843549,-73.98901629,4415
2020,4,Hudson St & Reade St,40.71625008,-74.0091059,4415
2020,4,Humboldt St & Varet St,40.7031724,-73.940636,4415
2020,4,Huron St & Franklin St,40.732659999999996,-73.95826,4415
2020,4,India St & Manhattan Ave,40.73232194,-73.9550858,4415
2020,4,India St & West St,40.73181401720966,-73.95995020866394,4415
2020,4,Irving Ave & DeKalb Ave,40.7027,-73.92095,4415
2020,4,Irving Ave & Halsey St,40.69467,-73.90663,4415
2020,4,Irving Ave & Harman St,40.70108,-73.9179,4415
2020,4,Irving Ave & Jefferson St,40.70538,-73.92535,4415
2020,4,Irving Ave & Palmetto St,40.698,-73.9127,4415
2020,4,Jackson Ave & 46 Rd,40.74524768,-73.94733276,4415
2020,4,Jackson St & Leonard St,40.716380319735606,-73.94821286201476,4415
2020,4,Jay St & Tech Pl,40.695065,-73.987167,4415
2020,4,Jay St & York St,40.70140317257725,-73.98672670125961,4415
2020,4,Jefferson Ave & Evergreen Ave,40.689890000000005,-73.91458,4415
2020,4,Jefferson St & Cypress Ave,40.709070000000004,-73.92156999999999,4415
2020,4,John St & William St,40.70862144,-74.00722156,4415
2020,4,Johnson St & Gold St,40.69474881,-73.98362464,4415
2020,4,Kane St & Clinton St,40.686175799999994,-73.99645295,4415
2020,4,Kent Ave & N 7 St,40.72036775298455,-73.96165072917937,4415
2020,4,Kent Ave & S 11 St,40.7076449441757,-73.96841526031494,4415
2020,4,Kent St & McGuinness Blvd,40.73124,-73.95161,4415
2020,4,Kingsland Ave & Nassau Ave,40.725770000000004,-73.94173,4415
2020,4,Kingston Ave & Herkimer St,40.67890679,-73.94142771,4415
2020,4,Knickerbocker Ave & Cooper St,40.69081,-73.90448,4415
2020,4,Knickerbocker Ave & George St,40.704425,-73.92836,4415
2020,4,Knickerbocker Ave & Halsey St,40.693000000000005,-73.90824,4415
2020,4,Knickerbocker Ave & Hancock St,40.69385,-73.90974,4415
2020,4,Knickerbocker Ave & Thames St,40.70539,-73.92976,4415
2020,4,Kosciuszko St & Nostrand Ave,40.69072549,-73.95133465,4415
2020,4,Kosciuszko St & Tompkins Ave,40.69128258,-73.9452416,4415
2020,4,LaGuardia Pl & W 3 St,40.72917025,-73.99810231,4415
2020,4,Lafayette Ave & Classon Ave,40.68900443,-73.96023854,4415
2020,4,Lafayette Ave & Fort Greene Pl,40.68691865,-73.976682,4415
2020,4,Lafayette Ave & St James Pl,40.68851534,-73.9647628,4415
2020,4,Lafayette St & E 8 St,40.73020660529954,-73.99102628231049,4415
2020,4,Lafayette St & Jersey St,40.72456089,-73.99565293,4415
2020,4,Laight St & Hudson St,40.72185379,-74.00771779,4415
2020,4,Lawrence St & Willoughby St,40.69236178,-73.98631746,4415
2020,4,Lefferts Pl & Franklin Ave,40.680342423,-73.9557689392,4415
2020,4,Lenox Ave & W 111 St,40.7987859,-73.9523,4415
2020,4,Lenox Ave & W 115 St,40.8011939,-73.9500739,4415
2020,4,Lenox Ave & W 117 St,40.8025566,-73.9490782,4415
2020,4,Lenox Ave & W 126 St,40.808442,-73.94520870000001,4415
2020,4,Lenox Ave & W 130 St,40.8107922,-73.9430681,4415
2020,4,Leonard St & Boerum St,40.70583339,-73.94644578,4415
2020,4,Leonard St & Church St,40.717571,-74.005549,4415
2020,4,Leonard St & Maujer St,40.71036854235229,-73.94705951213838,4415
2020,4,Leonard St & Nassau Ave,40.7239567849954,-73.94984364509583,4415
2020,4,Lewis Ave & Decatur St,40.6814598,-73.934903,4415
2020,4,Lewis Ave & Kosciuszko St,40.69237074,-73.93705428,4415
2020,4,Lewis Ave & Madison St,40.686312,-73.935775,4415
2020,4,Lexington Ave & Classon Ave,40.68676793,-73.95928168,4415
2020,4,Lexington Ave & E 111 St,40.79541210000001,-73.9441232,4415
2020,4,Lexington Ave & E 120 St,40.8013066,-73.93981670000001,4415
2020,4,Lexington Ave & E 127 St,40.805726,-73.936322,4415
2020,4,Lexington Ave & E 26 St,40.741459000000006,-73.983293,4415
2020,4,Lexington Ave & E 29 St,40.74311555376486,-73.98215353488922,4415
2020,4,Lexington Ave & E 36 St,40.747573958954796,-73.97880077362059,4415
2020,4,Liberty St & Broadway,40.70905623,-74.01043382,4415
2020,4,Lincoln Pl & Classon Ave,40.672168299999996,-73.9609,4415
2020,4,Linden St & Knickerbocker Ave,40.697140000000005,-73.91566,4415
2020,4,Lispenard St & Broadway,40.71939226,-74.00247214,4415
2020,4,Little West St & 1 Pl,40.70569254,-74.01677685,4415
2020,4,Little West St & 1 Pl,40.707,-74.016,4415
2020,4,Lorimer St & Broadway,40.70411791,-73.94818595,4415
2020,4,Lorimer St & Calyer St,40.72795,-73.95414,4415
2020,4,MacDougal St & Prince St,40.72710258,-74.00297088,4415
2020,4,MacDougal St & Washington Sq,40.73226398,-73.99852205,4415
2020,4,Macon St & Nostrand Ave,40.6809833854,-73.9500479759,4415
2020,4,Madison Ave & E 120 St,40.80295,-73.942954,4415
2020,4,Madison Ave & E 82 St,40.7781314,-73.96069399,4415
2020,4,Madison Ave & E 99 St,40.78948541553215,-73.9524292945862,4415
2020,4,Madison St & Clinton St,40.71269042,-73.98776323,4415
2020,4,Madison St & Cypress Ave,40.70068,-73.90742,4415
2020,4,Madison St & Evergreen Ave,40.69122,-73.91693000000001,4415
2020,4,Madison St & Forest Ave,40.70555,-73.90245,4415
2020,4,Madison St & Montgomery St,40.713126,-73.984844,4415
2020,4,Madison St & Seneca Ave,40.70183,-73.90625,4415
2020,4,Madison St & Woodward Ave,40.70408,-73.90408000000001,4415
2020,4,Maiden Ln & Pearl St,40.70706456,-74.00731853,4415
2020,4,Manhattan Av & Leonard St,40.72084,-73.94844,4415
2020,4,Marcus Garvey Blvd & Macon St,40.682601,-73.938037,4415
2020,4,Marcy Ave & Lafayette Ave,40.6900815,-73.94791500000001,4415
2020,4,Market St & Cherry St,40.71076228,-73.99400398,4415
2020,4,McGuinness Blvd & Eagle St,40.73555,-73.95284000000001,4415
2020,4,McKibbin St & Bogart St,40.706237,-73.933871,4415
2020,4,McKibbin St & Manhattan Ave,40.70510918,-73.94407279,4415
2020,4,Melrose St & Broadway,40.697480999999996,-73.935877,4415
2020,4,Menahan St & Central Ave,40.69543,-73.9196,4415
2020,4,Menahan St & Onderdonk Ave,40.705529999999996,-73.9096,4415
2020,4,Menahan St & Seneca Ave,40.704609999999995,-73.91054,4415
2020,4,Menahan St & Wyckoff Ave,40.70113,-73.91422,4415
2020,4,Mercer St & Bleecker St,40.72706363348306,-73.99662137031554,4415
2020,4,Mercer St & Spring St,40.72362738,-73.99949601,4415
2020,4,Meserole Ave & Manhattan Ave,40.72708584,-73.95299117,4415
2020,4,Metropolitan Ave & Bedford Ave,40.71534825,-73.96024116,4415
2020,4,Metropolitan Ave & Meeker Ave,40.71413311,-73.95234386,4415
2020,4,Metropolitan Ave & Stewart Ave,40.714009999999995,-73.92793,4415
2020,4,Metropolitan Ave & Vandervoort Ave,40.714290000000005,-73.93323000000001,4415
2020,4,Milton St & Franklin St,40.72906,-73.95779,4415
2020,4,Moffat St & Bushwick,40.68458,-73.90925,4415
2020,4,Monroe St & Bedford Ave,40.6851443,-73.95380904,4415
2020,4,Monroe St & Classon Ave,40.684568299999995,-73.95881081,4415
2020,4,Monroe St & Tompkins Ave,40.686203000000006,-73.944694,4415
2020,4,Montague St & Clinton St,40.694281141397326,-73.99230033159256,4415
2020,4,Montgomery St & Franklin Ave,40.666439306870814,-73.96055638790129,4415
2020,4,Montrose Ave & Bushwick Ave,40.70767788,-73.94016171,4415
2020,4,Morgan Ave & Lombardy St,40.72226,-73.93889,4415
2020,4,Morgan Ave & Maspeth Ave,40.716657,-73.93637,4415
2020,4,Morningside Ave & W 123 St,40.81,-73.9551508,4415
2020,4,Morningside Dr & Amsterdam Ave,40.81028506306003,-73.95736455917357,4415
2020,4,Mott St & Prince St,40.72317958,-73.99480012,4415
2020,4,Mt Morris Park W & W 120 St,40.804038,-73.945925,4415
2020,4,Murray St & Greenwich St,40.71485150526252,-74.01122331619263,4415
2020,4,Murray St & West St,40.7149787,-74.013012,4415
2020,4,Myrtle Ave & Grove St,40.69905,-73.91516,4415
2020,4,Myrtle Ave & Lewis Ave,40.69681963,-73.93756926,4415
2020,4,Myrtle Ave & Linden St,40.69943,-73.91337,4415
2020,4,Myrtle Ave & Marcy Ave,40.69539817,-73.94954908,4415
2020,4,Myrtle Ave & St Edwards St,40.69327018,-73.97703874,4415
2020,4,N 11 St & Kent Ave,40.72248188638219,-73.95921930670737,4415
2020,4,N 12 St & Bedford Ave,40.72079821,-73.95484712,4415
2020,4,N 15 St & Wythe Ave,40.724055,-73.955736,4415
2020,4,N 6 St & Bedford Ave,40.71745169,-73.95850939,4415
2020,4,Nassau Ave & Newell St,40.724812564400175,-73.94752621650694,4415
2020,4,Nassau Ave & Russell St,40.725570000000005,-73.94434,4415
2020,4,Nassau St & Navy St,40.69839895,-73.98068914,4415
2020,4,Newport PATH,40.7272235,-74.03375890000001,4415
2020,4,Newport Pkwy,40.728744799999994,-74.03210820000001,4415
2020,4,Newton Rd & 44 St,40.7595701,-73.91426779999999,4415
2020,4,Newtown Ave & 23 St,40.7713615,-73.9246145,4415
2020,4,Norfolk St & Broome St,40.7172274,-73.98802084,4415
2020,4,Norman St & Wyckoff Ave,40.695170000000005,-73.90311,4415
2020,4,North Moore St & Greenwich St,40.72019521437465,-74.0103006362915,4415
2020,4,Nostrand Ave & Myrtle Ave,40.69527008,-73.95238108,4415
2020,4,Old Fulton St,40.70277159,-73.99383605,4415
2020,4,Onderdonk Ave & Dekalb Ave,40.70863,-73.91497,4415
2020,4,Onderdonk Ave & Gates Ave,40.70413,-73.90737,4415
2020,4,Pacific St & Classon Ave,40.67919439999999,-73.95879029999999,4415
2020,4,Pacific St & Nevins St,40.6853761,-73.98302136,4415
2020,4,Park Ave & E 124 St,40.8045555,-73.93968609999999,4415
2020,4,Park Ave & Marcus Garvey Blvd,40.698617,-73.941342,4415
2020,4,Park Ave & St Edwards St,40.69608941,-73.97803415,4415
2020,4,Park Pl & Church St,40.71334184275907,-74.00935515761375,4415
2020,4,Park Pl & Franklin Ave,40.67418060000001,-73.95649470000001,4415
2020,4,Park Pl & Vanderbilt Ave,40.6767,-73.969024,4415
2020,4,Pearl St & Hanover Square,40.7047177,-74.00926027,4415
2020,4,Pearl St & Peck Slip,40.708484999999996,-74.002751,4415
2020,4,Perry St & Bleecker St,40.73535398,-74.00483091,4415
2020,4,Perry St & Greenwich Ave,40.735918,-74.000939,4415
2020,4,Pershing Square North,40.751872999999996,-73.97770600000001,4415
2020,4,Pershing Square South,40.751581,-73.97791,4415
2020,4,Pier 40 - Hudson River Park,40.7277140777778,-74.01129573583603,4415
2020,4,Pierrepont St & Monroe Pl,40.69535693320225,-73.99344027042389,4415
2020,4,Pike St & E Broadway,40.71406667,-73.99293911,4415
2020,4,Pike St & Monroe St,40.71173107,-73.99193043,4415
2020,4,Pioneer St & Richards St,40.677774799999995,-74.0094613,4415
2020,4,Pioneer St & Van Brunt St,40.679043,-74.011169,4415
2020,4,Pitt St & Stanton St,40.71926081,-73.98178024,4415
2020,4,Plaza St West & Flatbush Ave,40.675020700000005,-73.97111473,4415
2020,4,Pleasant Ave & E 116 St,40.794987899999995,-73.9333349,4415
2020,4,Pleasant Ave & E 120 St,40.7974772,-73.9311847,4415
2020,4,Powers St & Olive St,40.713229999999996,-73.93894,4415
2020,4,President St & Henry St,40.6828003,-73.99990419,4415
2020,4,Prospect Park West & 8 St,40.66514681533792,-73.97637605667114,4415
2020,4,Prospect Pl & 6 Ave,40.6793307,-73.97519523,4415
2020,4,Prospect Pl & Underhill Ave,40.6769694,-73.96579,4415
2020,4,Pulaski St & Marcus Garvey Blvd,40.693398200000004,-73.939877,4415
2020,4,Putnam Ave & Knickerbocker Ave,40.69545,-73.91164,4415
2020,4,Putnam Ave & Nostrand Ave,40.684020000000004,-73.94977,4415
2020,4,Putnam Ave & Throop Ave,40.6851532,-73.94111,4415
2020,4,Putnam Ave & Wyckoff Ave,40.69811,-73.90904,4415
2020,4,Queens Plaza North & Crescent St,40.75110165,-73.94073717,4415
2020,4,Railroad Ave & Kay Ave,40.70531194,-73.97100056,4415
2020,4,Reade St & Broadway,40.71450451,-74.00562789,4415
2020,4,Richards St & Delavan St,40.67943270000001,-74.00785041,4415
2020,4,Richardson St & N Henry St,40.71907891179564,-73.94223690032959,4415
2020,4,Riverside Blvd & W 67 St,40.777507027547976,-73.98888587951659,4415
2020,4,Riverside Dr & W 104 St,40.8013434,-73.97114574390001,4415
2020,4,Riverside Dr & W 72 St,40.780577990103346,-73.98562431335448,4415
2020,4,Riverside Dr & W 78 St,40.78414472,-73.98362492,4415
2020,4,Riverside Dr & W 82 St,40.78720869,-73.98128127,4415
2020,4,Riverside Dr & W 91 St,40.793134809866636,-73.97700369358063,4415
2020,4,Rivington St & Chrystie St,40.72110063,-73.99192540000001,4415
2020,4,Rivington St & Ridge St,40.71850211,-73.98329859,4415
2020,4,Rockaway Ave & Bainbridge St,40.68319988172761,-73.91166642308234,4415
2020,4,Roebling St & N 4 St,40.714690000000004,-73.95739,4415
2020,4,Rogers Ave & Sterling St,40.6630619,-73.95387459999999,4415
2020,4,S 3 St & Bedford Ave,40.71260486,-73.96264403,4415
2020,4,S 4 St & Rodney St,40.709340000000005,-73.95608,4415
2020,4,S 4 St & Wythe Ave,40.71285887,-73.96590294,4415
2020,4,S 5 Pl & S 5 St,40.710451,-73.960876,4415
2020,4,S Portland Ave & Hanson Pl,40.68539567,-73.97431458,4415
2020,4,Sands St Gate,40.699569,-73.979827,4415
2020,4,Schermerhorn St & Bond St,40.68841742754083,-73.98451656103134,4415
2020,4,Schermerhorn St & Court St,40.69102925677968,-73.99183362722397,4415
2020,4,Scholes St & Manhattan Ave,40.70870368,-73.9448625,4415
2020,4,Sharon St & Olive St,40.715353,-73.93856,4415
2020,4,Sigourney St & Columbia St,40.67267243410948,-74.00879524648191,4415
2020,4,Sip Ave,40.73089709786179,-74.06391263008119,4415
2020,4,Smith St & 3 St,40.678724200000005,-73.99599099,4415
2020,4,Smith St & 9 St,40.67469570000001,-73.99785768,4415
2020,4,Somers St & Broadway,40.67945,-73.90474,4415
2020,4,South End Ave & Liberty St,40.711512,-74.01575600000001,4415
2020,4,South St & Gouverneur Ln,40.70355377,-74.00670227,4415
2020,4,South St & Whitehall St,40.70122128,-74.01234218,4415
2020,4,Spruce St & Nassau St,40.71146364,-74.00552427,4415
2020,4,St James Pl & Oliver St,40.71307916,-73.99851193,4415
2020,4,St James Pl & Pearl St,40.71117416,-74.00016545,4415
2020,4,St Johns Pl & Washington Ave,40.6737236,-73.9631611,4415
2020,4,St Marks Pl & 1 Ave,40.72779126,-73.98564945,4415
2020,4,St Marks Pl & 2 Ave,40.7284186,-73.98713956,4415
2020,4,St Nicholas Ave & Manhattan Ave,40.809725,-73.953149,4415
2020,4,St. Nicholas Ave & W 126 St,40.8114323,-73.95187759999999,4415
2020,4,Stagg St & Morgan Ave,40.710681,-73.93372,4415
2020,4,Stagg St & Union Ave,40.70877084,-73.95095259,4415
2020,4,Stanhope St & Fairview Ave,40.70998,-73.91116,4415
2020,4,Stanton St & Chrystie St,40.72229346,-73.99147535,4415
2020,4,Stanton St & Mangin St,40.71782143,-73.97628939,4415
2020,4,Stanton St & Norfolk St,40.720746999999996,-73.986274,4415
2020,4,State St & Smith St,40.68926942,-73.98912867,4415
2020,4,Steinway St & 23 Ave,40.771393700000004,-73.9077436,4415
2020,4,Steinway St & 28 Ave,40.7656251,-73.9136695,4415
2020,4,Stephen St & Seneca Ave,40.6988,-73.9007,4415
2020,4,Sterling Pl & Bedford Ave,40.672695000000004,-73.954131,4415
2020,4,Sterling St & Bedford Ave,40.6627059,-73.9569115,4415
2020,4,Stewart Ave & Johnson Ave,40.708690000000004,-73.92586999999999,4415
2020,4,Stockholm St & Wilson Ave,40.699304,-73.92304399999999,4415
2020,4,Stuyvesant Walk & 1 Av Loop,40.732339777151054,-73.97898383438587,4415
2020,4,Suffolk St & Stanton St,40.72066442,-73.98517977,4415
2020,4,Sullivan Pl & Bedford Ave,40.6642406,-73.9574686,4415
2020,4,Sullivan St & Washington Sq,40.73047747,-73.99906065,4415
2020,4,Suydam St & Broadway,40.695440000000005,-73.93223,4415
2020,4,Suydam St & Knickerbocker Ave,40.702013,-73.923769,4415
2020,4,Suydam St & St. Nicholas Ave,40.70636,-73.91945,4415
2020,4,Throop Ave & Myrtle Ave,40.69622937,-73.94371094,4415
2020,4,Tompkins Ave & Hopkins St,40.69957608,-73.94708417,4415
2020,4,Underhill Ave & Lincoln Pl,40.674012299999994,-73.9671457,4415
2020,4,Underhill Ave & Pacific St,40.6804836,-73.9646795,4415
2020,4,Union Ave & Jackson St,40.7160751,-73.95202900000001,4415
2020,4,Union Ave & N 12 St,40.71924,-73.95241999999999,4415
2020,4,Union Ave & Wallabout St,40.70029511,-73.95032283,4415
2020,4,Union St & 4 Ave,40.6772744,-73.98282002,4415
2020,4,Union St & Bedford Ave,40.6691783,-73.9554162,4415
2020,4,Union St & Nevins St,40.67909799721684,-73.98765474557877,4415
2020,4,University Pl & E 14 St,40.734814,-73.992085,4415
2020,4,University Pl & E 8 St,40.73143724085228,-73.99490341544151,4415
2020,4,Van Brunt St & Van Dyke St,40.675832943912894,-74.01472628116608,4415
2020,4,Van Brunt St & Wolcott St,40.6773429,-74.01275056,4415
2020,4,Van Buren St & Broadway,40.692,-73.92617,4415
2020,4,Van Sinderen Ave & Truxton St,40.6786,-73.90369,4415
2020,4,Vernon Blvd & 10 St,40.7671863,-73.9373554,4415
2020,4,Vernon Blvd & 30 Rd,40.770845,-73.93417099999999,4415
2020,4,Vernon Blvd & 31 Ave,40.7692475,-73.93545040000001,4415
2020,4,Vernon Blvd & 41 Rd,40.7552433,-73.94856779999999,4415
2020,4,Vernon Blvd & 47 Rd,40.7449067,-73.9534573,4415
2020,4,Vernon Blvd & 50 Ave,40.74232744,-73.95411749,4415
2020,4,Verona Pl & Fulton St,40.680356084043396,-73.94767910242079,4415
2020,4,Vesey Pl & River Terrace,40.715337899999994,-74.01658354,4415
2020,4,W 100 St & Broadway,40.797372100000004,-73.97041192,4415
2020,4,W 100 St & Manhattan Ave,40.795,-73.9645,4415
2020,4,W 104 St & Amsterdam Ave,40.79904139288298,-73.96649479866028,4415
2020,4,W 106 St & Amsterdam Ave,40.80083629999999,-73.9664492472,4415
2020,4,W 106 St & Central Park West,40.798185600000004,-73.96059090060001,4415
2020,4,W 107 St & Columbus Ave,40.7997568,-73.9621128676,4415
2020,4,W 11 St & 6 Ave,40.73532427,-73.99800419,4415
2020,4,W 110 St & Amsterdam Ave,40.802692,-73.96295,4415
2020,4,W 113 St & Broadway,40.805973,-73.964928,4415
2020,4,W 116 St & Amsterdam Ave,40.8067581,-73.9607082,4415
2020,4,W 116 St & Broadway,40.8082,-73.9641,4415
2020,4,W 120 St & Claremont Ave,40.8109494,-73.9634,4415
2020,4,W 129 St & Convent Ave,40.81439443791581,-73.95324736833571,4415
2020,4,W 13 St & 5 Ave,40.735445,-73.99431,4415
2020,4,W 13 St & 7 Ave,40.73781509,-73.99994661,4415
2020,4,W 15 St & 10 Ave,40.742753828659026,-74.00747358798982,4415
2020,4,W 15 St & 10 Ave,40.743,-74.007,4415
2020,4,W 15 St & 6 Ave,40.73804614248277,-73.99642959237099,4415
2020,4,W 15 St & 7 Ave,40.73935542,-73.99931783,4415
2020,4,W 16 St & The High Line,40.74334935,-74.00681753,4415
2020,4,W 169 St & Fort Washington Ave,40.8428422,-73.9421253,4415
2020,4,W 17 St & 8 Ave,40.74177603,-74.00149746,4415
2020,4,W 17 St & 8 Ave,40.743,-74.001,4415
2020,4,W 18 St & 6 Ave,40.73971301,-73.99456405,4415
2020,4,W 18 St & 9 Ave,40.7435337324616,-74.00367558002472,4415
2020,4,W 20 St & 11 Ave,40.746,-74.007,4415
2020,4,W 20 St & 11 Ave,40.746745000000004,-74.007756,4415
2020,4,W 20 St & 7 Ave,40.74238787,-73.99726235,4415
2020,4,W 20 St & 8 Ave,40.74345335,-74.00004031,4415
2020,4,W 21 St & 6 Ave,40.74173969,-73.99415556,4415
2020,4,W 22 St & 10 Ave,40.74691959,-74.00451887,4415
2020,4,W 22 St & 8 Ave,40.74475148,-73.99915362,4415
2020,4,W 24 St & 7 Ave,40.74487634,-73.99529885,4415
2020,4,W 25 St & 6 Ave,40.74395411,-73.99144871,4415
2020,4,W 26 St & 10 Ave,40.749717753,-74.002950346,4415
2020,4,W 26 St & 8 Ave,40.74734825,-73.99723551,4415
2020,4,W 27 St & 7 Ave,40.746646999999996,-73.993915,4415
2020,4,W 30 St & 10 Ave,40.752694,-74.002353,4415
2020,4,W 31 St & 7 Ave,40.749156,-73.9916,4415
2020,4,W 33 St & 7 Ave,40.75019995,-73.99093085,4415
2020,4,W 34 St & 11 Ave,40.75594159,-74.0021163,4415
2020,4,W 35 St & Dyer Ave,40.754691750226016,-73.9974018931389,4415
2020,4,W 37 St & 10 Ave,40.75660359,-73.9979009,4415
2020,4,W 37 St & 5 Ave,40.75038009,-73.98338988,4415
2020,4,W 38 St & 8 Ave,40.75466591,-73.99138152,4415
2020,4,W 4 St & 7 Ave S,40.73401143,-74.00293877,4415
2020,4,W 40 St & 5 Ave,40.752269,-73.982079,4415
2020,4,W 41 St & 8 Ave,40.75640548,-73.9900262,4415
2020,4,W 42 St & 6 Ave,40.75492,-73.98455,4415
2020,4,W 42 St & 8 Ave,40.75756989999999,-73.99098507,4415
2020,4,W 42 St & Dyer Ave,40.75898481399634,-73.99379968643187,4415
2020,4,W 43 St & 10 Ave,40.76009437,-73.99461843,4415
2020,4,W 44 St & 5 Ave,40.75500254,-73.98014437,4415
2020,4,W 45 St & 6 Ave,40.7568001,-73.98291153,4415
2020,4,W 45 St & 8 Ave,40.75929124,-73.98859651,4415
2020,4,W 46 St & 11 Ave,40.76341379,-73.99667444,4415
2020,4,W 47 St & 10 Ave,40.76269882,-73.99301222,4415
2020,4,W 47 St & 6 Ave,40.758396999999995,-73.98255,4415
2020,4,W 49 St & 8 Ave,40.76227205,-73.98788205,4415
2020,4,W 50 St & 9 Ave,40.76360467795863,-73.98917958140373,4415
2020,4,W 50 St & 9 Ave,40.764,-73.98899999999999,4415
2020,4,W 52 St & 11 Ave,40.76727216,-73.99392888,4415
2020,4,W 52 St & 5 Ave,40.75992262,-73.97648516,4415
2020,4,W 52 St & 6 Ave,40.76132983124814,-73.97982001304626,4415
2020,4,W 53 St & 10 Ave,40.76669671,-73.99061728,4415
2020,4,W 54 St & 9 Ave,40.76584941,-73.98690506,4415
2020,4,W 55 St & 6 Ave,40.763189000000004,-73.978434,4415
2020,4,W 56 St & 10 Ave,40.768254,-73.988639,4415
2020,4,W 59 St & 10 Ave,40.770513,-73.988038,4415
2020,4,W 63 St & Broadway,40.77163851,-73.98261428,4415
2020,4,W 63 St & Broadway,40.773,-73.983,4415
2020,4,W 64 St & Thelonious Monk Circle,40.77515953434235,-73.98918695747851,4415
2020,4,W 67 St & Broadway,40.77492513,-73.98266566,4415
2020,4,W 70 St & Amsterdam Ave,40.77748046,-73.98288594,4415
2020,4,W 74 St & Columbus Ave,40.7785669,-73.97754961,4415
2020,4,W 76 St & Columbus Ave,40.7801839724239,-73.97728532552719,4415
2020,4,W 82 St & Central Park West,40.78275,-73.97137,4415
2020,4,W 84 St & Broadway,40.7867947,-73.977112,4415
2020,4,W 84 St & Columbus Ave,40.78499979,-73.97283406,4415
2020,4,W 87 St & Amsterdam Ave,40.78839,-73.9747,4415
2020,4,W 87 St & West End Ave,40.789621999999994,-73.97757,4415
2020,4,W 89 St & Columbus Ave,40.7882213,-73.97041561,4415
2020,4,W 90 St & Amsterdam Ave,40.79017948095081,-73.97288918495178,4415
2020,4,W 92 St & Broadway,40.7921,-73.9739,4415
2020,4,W 95 St & Broadway,40.7937704,-73.971888,4415
2020,4,W Broadway & Spring St,40.72494672359416,-74.00165855884552,4415
2020,4,W Broadway & W Houston St,40.726378000000004,-74.000472,4415
2020,4,Wall St & South St,40.704370000000004,-74.00636999999999,4415
2020,4,Warren St & Court St,40.686371,-73.99383324,4415
2020,4,Washington Ave & Greene Ave,40.68650065,-73.96563307,4415
2020,4,Washington Ave & Park Ave,40.69610226,-73.96751037,4415
2020,4,Washington Park,40.6917823,-73.97372990000001,4415
2020,4,Washington Pl & 6 Ave,40.73224119,-74.00026394,4415
2020,4,Washington Pl & Broadway,40.72903917,-73.99404649,4415
2020,4,Washington St & Gansevoort St,40.739323,-74.008119,4415
2020,4,Water - Whitehall Plaza,40.70255065,-74.0127234,4415
2020,4,Waterbury St & Stagg St,40.710190000000004,-73.93734,4415
2020,4,Watts St & Greenwich St,40.72405549,-74.00965965,4415
2020,4,West Drive & Prospect Park West,40.6610633719006,-73.97945255041121,4415
2020,4,West End Ave & W 107 St,40.8021174,-73.9681805305,4415
2020,4,West End Ave & W 78 St,40.783786,-73.981687,4415
2020,4,West End Ave & W 94 St,40.7941654,-73.974124,4415
2020,4,West St & Chambers St,40.71754834,-74.01322069,4415
2020,4,West St & Liberty St,40.711444,-74.014847,4415
2020,4,West Thames St,40.70834698,-74.01713445,4415
2020,4,White St & Johnson Ave,40.707174,-73.93581,4415
2020,4,White St & Moore St,40.704508000000004,-73.9351,4415
2020,4,William St & Pine St,40.70717936,-74.00887308,4415
2020,4,Willoughby Ave & Hall St,40.69196035,-73.96536851,4415
2020,4,Willoughby Ave & Myrtle Ave,40.69757,-73.93098,4415
2020,4,Willoughby Ave & Onderdonk Ave,40.7098,-73.91727,4415
2020,4,Willoughby Ave & Tompkins Ave,40.69425403,-73.94626915,4415
2020,4,Willoughby Ave & Walworth St,40.69331716,-73.95381995,4415
2020,4,Willoughby Ave & Wyckoff Ave,40.705614000000004,-73.92153,4415
2020,4,Willoughby St & Ashland Pl,40.69178,-73.97877,4415
2020,4,Willoughby St & Fleet St,40.69196566,-73.9813018,4415
2020,4,Wilson Ave & Moffat St,40.68906,-73.90505999999999,4415
2020,4,Wilson Ave & Troutman St,40.70166,-73.92754000000001,4415
2020,4,Withers St & Kingsland Ave,40.717729999999996,-73.94051,4415
2020,4,Wolcott St & Dwight St,40.6753274,-74.0100698,4415
2020,4,Woodward Ave & Harman St,40.70793,-73.91091999999999,4415
2020,4,Wyckoff Av & Jefferson St,40.707165,-73.923711,4415
2020,4,Wyckoff Av & Stanhope St,40.703545,-73.917775,4415
2020,4,Wyckoff St & Nevins St,40.683426000000004,-73.984275,4415
2020,4,Wythe Ave & Metropolitan Ave,40.716887,-73.96319799999999,4415
