Trip_Year,Trip_Month,start station name,start station latitude,start station longitude,trip_count
2020,2,1 Ave & E 110 St,40.7923272,-73.9383,9393
2020,2,1 Ave & E 16 St,40.73221853,-73.98165557,9393
2020,2,1 Ave & E 18 St,40.73381219196632,-73.9805442094803,9393
2020,2,1 Ave & E 30 St,40.74,-73.97399999999999,9393
2020,2,1 Ave & E 30 St,40.74144387,-73.97536082,9393
2020,2,1 Ave & E 44 St,40.75001986,-73.96905301,9393
2020,2,1 Ave & E 5 St,40.725864,-73.986389,9393
2020,2,1 Ave & E 62 St,40.761227399999996,-73.96094022,9393
2020,2,1 Ave & E 68 St,40.76500525,-73.95818491,9393
2020,2,1 Ave & E 78 St,40.77,-73.953,9393
2020,2,1 Ave & E 78 St,40.77140426,-73.9535166,9393
2020,2,1 Ave & E 94 St,40.78172120000001,-73.94594000000001,9393
2020,2,1 Pl & Clinton St,40.6809591,-73.99905709,9393
2020,2,10 Ave & W 28 St,40.75066386,-74.00176802,9393
2020,2,10 Hudson Yards,40.752957,-74.00264,9393
2020,2,10 St & 2 Ave,40.671907,-73.993612,9393
2020,2,10 St & 5 Ave,40.6686273,-73.98700053,9393
2020,2,10 St & 7 Ave,40.666207799999995,-73.98199886,9393
2020,2,11 Ave & W 27 St,40.751396,-74.00522600000001,9393
2020,2,11 Ave & W 41 St,40.76030096,-73.99884222,9393
2020,2,11 Ave & W 59 St,40.771496710544405,-73.99046033620834,9393
2020,2,11 St & 35 Ave,40.76274420000001,-73.9391141,9393
2020,2,11 St & 43 Ave,40.7519071,-73.94791190000001,9393
2020,2,12 Ave & W 125 St,40.818298999999996,-73.96040500000001,9393
2020,2,12 Ave & W 40 St,40.76087502,-74.00277668,9393
2020,2,12 St & 4 Ave,40.668603000000004,-73.99043940000001,9393
2020,2,14 St & 5 Ave,40.666287,-73.98895053,9393
2020,2,14 St & 7 Ave,40.663779,-73.98396846,9393
2020,2,19 St & 24 Ave,40.777455200000006,-73.9225403,9393
2020,2,2 Ave & 36 St,40.65708866668485,-74.00870203971863,9393
2020,2,2 Ave & E 104 St,40.789210499999996,-73.94370784,9393
2020,2,2 Ave & E 122 St,40.8006721,-73.9349,9393
2020,2,2 Ave & E 31 St,40.74290902,-73.97706058,9393
2020,2,2 Ave & E 31 St,40.743,-73.977,9393
2020,2,2 Ave & E 72 St,40.7687620293096,-73.95840793848038,9393
2020,2,2 Ave & E 96 St,40.7839636,-73.94716729999999,9393
2020,2,2 Ave & E 99 St,40.786258600000004,-73.94552579,9393
2020,2,21 St & 31 Dr,40.7659,-73.930819,9393
2020,2,21 St & 36 Ave,40.760185299999996,-73.9362726,9393
2020,2,21 St & 38 Ave,40.7576314,-73.9391224,9393
2020,2,21 St & 43 Ave,40.75052534,-73.94594845,9393
2020,2,21 St & Hoyt Ave S,40.774645,-73.92370600000001,9393
2020,2,21 St & Queens Plaza North,40.75325964,-73.94335788,9393
2020,2,23 Ave & 27 St,40.776165,-73.9153175,9393
2020,2,24 Ave & 26 St,40.774591,-73.918544,9393
2020,2,24 Ave & 29 St,40.7729,-73.91614200000001,9393
2020,2,24 St & 41 Ave,40.752474,-73.939991,9393
2020,2,24 St & 41 Ave (original),40.752708500000004,-73.9397405,9393
2020,2,27 Ave & 3 St,40.77485,-73.9342,9393
2020,2,27 Ave & 9 St,40.7739825,-73.93091340000001,9393
2020,2,27 St & Hunter St,40.7485,-73.941275,9393
2020,2,28 Ave & 35 St,40.7671,-73.9169858,9393
2020,2,28 Ave & 44 St,40.76408932350689,-73.9106512069702,9393
2020,2,28 St & 36 Ave,40.757186,-73.93271899999999,9393
2020,2,28 St & 41 Ave,40.751047,-73.93796999999999,9393
2020,2,3 Ave & 14 St,40.6685455,-73.99333264,9393
2020,2,3 Ave & Carroll St,40.677027,-73.9865,9393
2020,2,3 Ave & E 100 St,40.787721399999995,-73.94728331,9393
2020,2,3 Ave & E 112 St,40.795508,-73.94160600000001,9393
2020,2,3 Ave & E 62 St,40.76312584,-73.96526895,9393
2020,2,3 Ave & E 71 St,40.76873687,-73.96119945,9393
2020,2,3 Ave & E 72 St,40.7699426,-73.96060712,9393
2020,2,3 Ave & Schermerhorn St,40.68683208,-73.9796772,9393
2020,2,3 St & 3 Ave,40.675070500000004,-73.98775226,9393
2020,2,3 St & 7 Ave,40.67038370000001,-73.97839676,9393
2020,2,3 St & Hoyt St,40.6777287,-73.99364123,9393
2020,2,3 St & Prospect Park West,40.668132,-73.97363831,9393
2020,2,30 Ave & 21 St,40.77037429999999,-73.9286078,9393
2020,2,31 Ave & 14 St,40.7682,-73.9322662,9393
2020,2,31 Ave & 30 St,40.7647,-73.9240312,9393
2020,2,31 Ave & 34 St,40.763154,-73.920827,9393
2020,2,31 Ave & Crescent St,40.765834600000005,-73.9265474,9393
2020,2,31 Ave & Steinway St,40.761148799999994,-73.9170071,9393
2020,2,31 Ave & Steinway St (temp),40.76129389728909,-73.916916847229,9393
2020,2,31 St & 23 Ave,40.7747878,-73.91255509999999,9393
2020,2,31 St & Astoria Blvd,40.76991760000001,-73.91840570000001,9393
2020,2,31 St & Broadway,40.761584,-73.925921,9393
2020,2,31 St & Hoyt Ave N,40.771152799999996,-73.9170074,9393
2020,2,31 St & Newtown Ave,40.7675487799971,-73.92093345522879,9393
2020,2,31 St & Northern Blvd,40.75186951421875,-73.93349289894103,9393
2020,2,31 St & Thomson Ave,40.74469738,-73.93540375,9393
2020,2,34 Ave & 13 St,40.763875299999995,-73.9364848,9393
2020,2,34 Ave & 21 St,40.762813799999996,-73.9342862,9393
2020,2,34 Ave & 38 St,40.756913,-73.921631,9393
2020,2,34 St & 35 Ave,40.756933200000006,-73.92622309999999,9393
2020,2,35 Ave & 10 St,40.763154819103725,-73.93985509872438,9393
2020,2,35 Ave & 37 St,40.7557327,-73.92366109999999,9393
2020,2,35 St & 34 Ave,40.7580583,-73.92427509999999,9393
2020,2,35 St & Broadway,40.760339,-73.9222427,9393
2020,2,36 Ave & 10 St,40.7614376,-73.9411265,9393
2020,2,36 Ave & 31 St,40.75651272984955,-73.92957486212252,9393
2020,2,37 Ave & 35 St,40.7531106,-73.9279917,9393
2020,2,37 St & 24 Ave,40.7701477,-73.9120938,9393
2020,2,38 Ave & 29 St,40.75473,-73.93366999999999,9393
2020,2,39 St & 2 Ave,40.65539977447831,-74.0106278657913,9393
2020,2,4 Ave & 9 St,40.6705135,-73.98876585,9393
2020,2,4 Ave & E 12 St,40.732647,-73.99011,9393
2020,2,40 Ave & 9 St,40.75742,-73.945133,9393
2020,2,40 Ave & Crescent St,40.7535992020056,-73.9379560947418,9393
2020,2,43 St & Broadway,40.7577284,-73.9166368,9393
2020,2,44 Dr & 21 St,40.748000000000005,-73.94609270000001,9393
2020,2,44 Dr & Jackson Ave,40.74718234,-73.9432635,9393
2020,2,45 Rd & 11 St,40.74708586,-73.94977234,9393
2020,2,46 Ave & 5 St,40.74731,-73.95451,9393
2020,2,47 Ave & 31 St,40.743,-73.93561,9393
2020,2,47 Ave & Skillman Ave,40.7437524099784,-73.94176483154297,9393
2020,2,48 Ave & 30 Pl,40.74128309355993,-73.93725872039794,9393
2020,2,48 Ave & 5 St,40.74436328706688,-73.95587325096129,9393
2020,2,49 Ave & 21 St,40.74252,-73.948852,9393
2020,2,5 Ave & 3 St,40.672815500000006,-73.98352355,9393
2020,2,5 Ave & E 103 St,40.792255299999994,-73.95249933,9393
2020,2,5 Ave & E 126 St,40.806979999999996,-73.94174699999999,9393
2020,2,5 Ave & E 29 St,40.7451677,-73.98683077,9393
2020,2,5 Ave & E 63 St,40.766368,-73.971518,9393
2020,2,5 Ave & E 73 St,40.77282817,-73.96685276,9393
2020,2,5 Ave & E 78 St,40.77632142182271,-73.96427392959596,9393
2020,2,5 Ave & E 88 St,40.78307,-73.95939,9393
2020,2,5 Ave & E 93 St,40.785785100000005,-73.957481,9393
2020,2,5 St & 51 Ave,40.7423737,-73.9566,9393
2020,2,5 St & 6 Ave,40.670483600000004,-73.98208968,9393
2020,2,5 St & Market St,40.6999974843885,-73.97440128028394,9393
2020,2,6 Ave & 12 St,40.666318100000005,-73.9854617,9393
2020,2,6 Ave & 9 St,40.668127,-73.98377641,9393
2020,2,6 Ave & Broome St,40.72430832160217,-74.00473035871983,9393
2020,2,6 Ave & Canal St,40.72243797,-74.00566443,9393
2020,2,6 Ave & W 33 St,40.74901271,-73.98848395,9393
2020,2,6 Ave & W 34 St,40.74964,-73.98805,9393
2020,2,6 St & 7 Ave,40.668662700000006,-73.97988067,9393
2020,2,7 Ave & Central Park South,40.7667405590595,-73.9790689945221,9393
2020,2,7 Ave & Park Pl,40.677,-73.97399999999999,9393
2020,2,7 Ave & Park Pl,40.67761470000001,-73.97324283,9393
2020,2,7 St & 3 Ave,40.67260298150126,-73.98983001708984,9393
2020,2,7 St & 5 Ave,40.670492200000005,-73.98541675,9393
2020,2,8 Ave & W 31 St,40.7505853470215,-73.9946848154068,9393
2020,2,8 Ave & W 33 St,40.751551,-73.993934,9393
2020,2,8 Ave & W 52 St,40.76370739,-73.9851615,9393
2020,2,9 Ave & W 18 St,40.74317449,-74.00366443,9393
2020,2,9 Ave & W 22 St,40.7454973,-74.00197139,9393
2020,2,9 Ave & W 22 St,40.746,-74.001,9393
2020,2,9 Ave & W 28 St,40.74937024193277,-73.99923384189607,9393
2020,2,9 Ave & W 45 St,40.76019252,-73.9912551,9393
2020,2,9 Ave & W 45 St,40.760999999999996,-73.992,9393
2020,2,9 St & 44 Rd,40.74966,-73.9521,9393
2020,2,Adam Clayton Powell Blvd & W 115 St,40.802535,-73.9532423,9393
2020,2,Adam Clayton Powell Blvd & W 118 St,40.804372,-73.951475,9393
2020,2,Adam Clayton Powell Blvd & W 123 St,40.8078316,-73.949373,9393
2020,2,Adam Clayton Powell Blvd & W 126 St,40.809495347779475,-73.94776493310928,9393
2020,2,Adelphi St & Myrtle Ave,40.69308257,-73.97178913,9393
2020,2,Albany Ave & Fulton St,40.6800105,-73.938475,9393
2020,2,Allen St & Hester St,40.71605866,-73.99190759,9393
2020,2,Allen St & Rivington St,40.72019576,-73.98997825,9393
2020,2,Allen St & Stanton St,40.722055,-73.989111,9393
2020,2,Amsterdam Ave & W 119 St,40.8086249,-73.9596214,9393
2020,2,Amsterdam Ave & W 125 St,40.813358,-73.956461,9393
2020,2,Amsterdam Ave & W 66 St,40.7746671,-73.98470567,9393
2020,2,Amsterdam Ave & W 66 St,40.775999999999996,-73.986,9393
2020,2,Amsterdam Ave & W 73 St,40.779,-73.98,9393
2020,2,Amsterdam Ave & W 73 St,40.779668090073116,-73.98093044757842,9393
2020,2,Amsterdam Ave & W 79 St,40.7829391,-73.9786517,9393
2020,2,Amsterdam Ave & W 82 St,40.78524672,-73.97667321,9393
2020,2,Astoria Park S & Shore Blvd,40.7767,-73.927631,9393
2020,2,Atlantic Ave & Fort Greene Pl,40.68382604,-73.97632328,9393
2020,2,Atlantic Ave & Furman St,40.69165183,-73.99997859999999,9393
2020,2,Avenue C & E 18 St,40.730563000000004,-73.973984,9393
2020,2,Avenue D & E 12 St,40.72580614,-73.97422494,9393
2020,2,Avenue D & E 3 St,40.72082834,-73.97793172,9393
2020,2,Avenue D & E 8 St,40.72387,-73.975767,9393
2020,2,Baltic St & 5 Ave,40.6795766,-73.97854971,9393
2020,2,Bank St & Hudson St,40.73652889,-74.00618026,9393
2020,2,Bank St & Washington St,40.7361967,-74.00859207,9393
2020,2,Banker St & Meserole Ave,40.72606,-73.95621,9393
2020,2,Barclay St & Church St,40.71291224,-74.01020234,9393
2020,2,Barrow St & Hudson St,40.73172428,-74.00674436,9393
2020,2,Bayard St & Baxter St,40.71602118,-73.99974372,9393
2020,2,Bayard St & Leonard St,40.71915571696044,-73.94885390996933,9393
2020,2,Beaver St & Fayette St,40.700990000000004,-73.93921,9393
2020,2,Bedford Ave & Bergen St,40.676368,-73.95291800000001,9393
2020,2,Bedford Ave & Montgomery St,40.665816,-73.95693399999999,9393
2020,2,Bedford Ave & Nassau Ave,40.72311651,-73.95212324,9393
2020,2,Bedford Ave & S 9 St,40.70853074,-73.96408963,9393
2020,2,Bergen St & Flatbush Ave,40.680944723477296,-73.97567331790923,9393
2020,2,Bergen St & Smith St,40.686744299999994,-73.99063168,9393
2020,2,Bergen St & Vanderbilt Ave,40.6794388,-73.96804379999999,9393
2020,2,Bergen St & Vanderbilt Ave,40.68,-73.968,9393
2020,2,Berkeley Pl & 6 Ave,40.6765304,-73.97846879,9393
2020,2,Berkeley Pl & 7 Ave,40.674,-73.97399999999999,9393
2020,2,Berkeley Pl & 7 Ave,40.675146838709786,-73.9752320945263,9393
2020,2,Berry St & N 8 St,40.7190095,-73.95852515,9393
2020,2,Bialystoker Pl & Delancey St,40.71622644,-73.98261206,9393
2020,2,Boerum St & Broadway,40.70538077,-73.94976519,9393
2020,2,Bond St & Bergen St,40.6849668,-73.98620772,9393
2020,2,Bond St & Fulton St,40.68962188790333,-73.98304268717766,9393
2020,2,Broad St & Bridge St,40.70365182,-74.01167797,9393
2020,2,Broadway & 12 St,40.7668,-73.93477740000002,9393
2020,2,Broadway & Battery Pl,40.70463334,-74.01361706,9393
2020,2,Broadway & Berry St,40.71044554,-73.96525063,9393
2020,2,Broadway & E 14 St,40.73454567,-73.99074142,9393
2020,2,Broadway & E 22 St,40.740343200000005,-73.98955109,9393
2020,2,Broadway & Furman Ave,40.68139,-73.90756,9393
2020,2,Broadway & Hancock St,40.68663,-73.9168,9393
2020,2,Broadway & Kosciuszko St,40.693290000000005,-73.92851999999999,9393
2020,2,Broadway & Madison St,40.68822,-73.91966,9393
2020,2,Broadway & Moylan Pl,40.8143256,-73.9590255,9393
2020,2,Broadway & Roebling St,40.70924826276157,-73.96063148975372,9393
2020,2,Broadway & Roebling St,40.71,-73.962,9393
2020,2,Broadway & W 122 St,40.8120562,-73.9612547,9393
2020,2,Broadway & W 25 St,40.74286877312112,-73.98918628692627,9393
2020,2,Broadway & W 29 St,40.7462009,-73.98855723,9393
2020,2,Broadway & W 36 St,40.75097711,-73.98765428,9393
2020,2,Broadway & W 37 St,40.75172632,-73.98753523,9393
2020,2,Broadway & W 38 St,40.75299641,-73.98721619,9393
2020,2,Broadway & W 41 St,40.75513557,-73.98658032,9393
2020,2,Broadway & W 49 St,40.76068327096592,-73.98452728986742,9393
2020,2,Broadway & W 49 St,40.760999999999996,-73.986,9393
2020,2,Broadway & W 51 St,40.760999999999996,-73.983,9393
2020,2,Broadway & W 51 St,40.76228826,-73.98336183,9393
2020,2,Broadway & W 53 St,40.76344058,-73.98268129,9393
2020,2,Broadway & W 56 St,40.764,-73.983,9393
2020,2,Broadway & W 56 St,40.7652654,-73.98192338,9393
2020,2,Broadway & W 60 St,40.76915505,-73.98191841,9393
2020,2,Broadway & W 60 St,40.77,-73.983,9393
2020,2,Broadway & Whipple St,40.7016657,-73.9437303,9393
2020,2,Brooklyn Bridge Park - Pier 2,40.698458,-73.997178,9393
2020,2,Bus Slip & State St,40.701907,-74.013942,9393
2020,2,Bushwick Ave & Dekalb Ave,40.69502,-73.92825,9393
2020,2,Bushwick Ave & Forrest St,40.700759999999995,-73.93641,9393
2020,2,Bushwick Ave & Furman Ave,40.682809999999996,-73.90623000000001,9393
2020,2,Bushwick Ave & Harman St,40.69356,-73.92524,9393
2020,2,Bushwick Ave & Linden St,40.69146,-73.92146,9393
2020,2,Bushwick Ave & McKibbin St,40.705517,-73.93936,9393
2020,2,Bushwick Ave & Powers St,40.71247661,-73.94100005,9393
2020,2,Bushwick Ave & Stagg St,40.709897,-73.94008000000001,9393
2020,2,Butler St & Court St,40.6849894,-73.99440329,9393
2020,2,Cadman Plaza E & Johnson St,40.695,-73.98899999999999,9393
2020,2,Cadman Plaza E & Johnson St,40.69531727766904,-73.99015724658966,9393
2020,2,Cadman Plaza E & Red Cross Pl,40.69991755,-73.98971773,9393
2020,2,Calyer St & Jewel St,40.72984,-73.94839,9393
2020,2,Calyer St & Jewel St,40.731,-73.947,9393
2020,2,Cambridge Pl & Gates Ave,40.68488,-73.96304,9393
2020,2,Canal St & Rutgers St,40.71427487,-73.98990025,9393
2020,2,Carlton Ave & Dean St,40.68097410000001,-73.97100970000001,9393
2020,2,Carlton Ave & Flushing Ave,40.697787,-73.973736,9393
2020,2,Carlton Ave & Flushing Ave,40.698,-73.97399999999999,9393
2020,2,Carlton Ave & Park Ave,40.69580705,-73.97355569,9393
2020,2,Carmine St & 6 Ave,40.73038599,-74.00214988,9393
2020,2,Carroll St & 5 Ave,40.6751622,-73.9814832,9393
2020,2,Carroll St & 6 Ave,40.6740886,-73.9787282,9393
2020,2,Carroll St & Bond St,40.6786115,-73.99037292,9393
2020,2,Carroll St & Columbia St,40.6830456,-74.00348559,9393
2020,2,Carroll St & Franklin Ave,40.6679411,-73.9588,9393
2020,2,Carroll St & Smith St,40.680611,-73.99475825,9393
2020,2,Carroll St & Washington Ave,40.6686744,-73.9618148,9393
2020,2,Cathedral Pkwy & Broadway,40.804213,-73.96699104,9393
2020,2,Catherine St & Monroe St,40.71117444,-73.99682619,9393
2020,2,Cedar St & Evergreen Ave,40.696709999999996,-73.92806999999999,9393
2020,2,Cedar St & Myrtle Ave,40.697842,-73.926241,9393
2020,2,Center Blvd & 48 Ave,40.745038,-73.957539,9393
2020,2,Center Blvd & 51 Ave,40.74336608027021,-73.95960688591003,9393
2020,2,Central Ave & Covert St,40.68929,-73.90951,9393
2020,2,Central Ave & Decatur St,40.6882,-73.90798000000001,9393
2020,2,Central Ave & Flushing Ave,40.702831,-73.9333,9393
2020,2,Central Ave & Himrod St,40.69676,-73.92302,9393
2020,2,Central Ave & Melrose St,40.70112,-73.93039,9393
2020,2,Central Ave & Starr Street,40.700003,-73.92834,9393
2020,2,Central Ave & Weirfield St,40.69055,-73.91181,9393
2020,2,Central Ave & Woodbine St,40.69296,-73.91605,9393
2020,2,Central Park North & Adam Clayton Powell Blvd,40.799484,-73.955613,9393
2020,2,Central Park S & 6 Ave,40.76590936,-73.97634151,9393
2020,2,Central Park W & W 96 St,40.791270000000004,-73.964839,9393
2020,2,Central Park West & W 100 St,40.794000000000004,-73.962,9393
2020,2,Central Park West & W 100 St,40.794066608185524,-73.96286845207214,9393
2020,2,Central Park West & W 102 St,40.795346,-73.96186,9393
2020,2,Central Park West & W 68 St,40.7734066,-73.97782542,9393
2020,2,Central Park West & W 72 St,40.77579376683666,-73.97620573639871,9393
2020,2,Central Park West & W 76 St,40.77896784,-73.97374737,9393
2020,2,Central Park West & W 85 St,40.78472675,-73.96961715,9393
2020,2,Centre St & Chambers St,40.71273266,-74.0046073,9393
2020,2,Centre St & Seneca Ave,40.699690000000004,-73.9022,9393
2020,2,Centre St & Worth St,40.71494807,-74.00234482,9393
2020,2,Cherry St,40.71219906,-73.97948148,9393
2020,2,Christopher St & Greenwich St,40.73291553,-74.00711384,9393
2020,2,Clark St & Henry St,40.69760127,-73.99344559,9393
2020,2,Classon Ave & St Marks Ave,40.676519799999994,-73.9596082,9393
2020,2,Clermont Ave & Lafayette Ave,40.68764484,-73.96968902,9393
2020,2,Clermont Ave & Park Ave,40.69573398,-73.97129668,9393
2020,2,Cleveland Pl & Spring St,40.72210378668603,-73.99724900722505,9393
2020,2,Cliff St & Fulton St,40.70838,-74.00495,9393
2020,2,Clinton Ave & Flushing Ave,40.69794,-73.96986848,9393
2020,2,Clinton Ave & Flushing Ave,40.698,-73.971,9393
2020,2,Clinton Ave & Myrtle Ave,40.693261,-73.968896,9393
2020,2,Clinton St & 4 Place,40.6783563,-74.00014502,9393
2020,2,Clinton St & Centre St,40.67434,-74.00194698,9393
2020,2,Clinton St & Grand St,40.71559509,-73.9870295,9393
2020,2,Clinton St & Joralemon St,40.692,-73.992,9393
2020,2,Clinton St & Joralemon St,40.69239502,-73.99337909,9393
2020,2,Clinton St & Union St,40.683116399999996,-73.99785267,9393
2020,2,Coffey St & Conover St,40.677236,-74.015665,9393
2020,2,Columbia Heights & Cranberry St,40.70037867,-73.99548059,9393
2020,2,Columbia St & Degraw St,40.6859296,-74.00242364,9393
2020,2,Columbia St & Kane St,40.68763155,-74.0016256,9393
2020,2,Columbia St & Lorraine St,40.6747055,-74.00755720000001,9393
2020,2,Columbia St & Rivington St,40.71739973,-73.98016555,9393
2020,2,Columbia St & W 9 St,40.6769993,-74.00647134,9393
2020,2,Columbus Ave & W 103 St,40.7969347,-73.9643412291,9393
2020,2,Columbus Ave & W 72 St,40.7770575,-73.97898475,9393
2020,2,Columbus Ave & W 95 St,40.7919557,-73.968087,9393
2020,2,Commerce St & Van Brunt St,40.681211700000006,-74.00860912,9393
2020,2,Concord St & Bridge St,40.69766564,-73.98476437,9393
2020,2,Concord St & Bridge St,40.698,-73.986,9393
2020,2,Congress St & Clinton St,40.6881529,-73.99520919,9393
2020,2,Cooper Square & Astor Pl,40.729514962249496,-73.99075269699097,9393
2020,2,Court St & Nelson St,40.6763947,-73.99869893,9393
2020,2,Court St & State St,40.689,-73.992,9393
2020,2,Court St & State St,40.6902375,-73.99203074,9393
2020,2,Crescent St & 30 Ave,40.768692,-73.9249574,9393
2020,2,Crescent St & 34 Ave,40.76108,-73.930562,9393
2020,2,Crescent St & 35 Ave,40.7596276,-73.93214549999999,9393
2020,2,Crescent St & Broadway,40.7633589,-73.92864709999999,9393
2020,2,Crescent St & Ditmars Blvd,40.7787185,-73.9145645,9393
2020,2,Cumberland St & Lafayette Ave,40.68753406,-73.97265183,9393
2020,2,Cypress Ave & George St,40.69812,-73.90271,9393
2020,2,Cypress Ave & Palmetto St,40.70157340873792,-73.90876293182373,9393
2020,2,DeKalb Ave & Franklin Ave,40.69064807082943,-73.95746178925037,9393
2020,2,DeKalb Ave & Hudson Ave,40.689888,-73.981013,9393
2020,2,DeKalb Ave & S Portland Ave,40.68981035,-73.97493121,9393
2020,2,DeKalb Ave & Vanderbilt Ave,40.68940747,-73.96885458,9393
2020,2,Dean St & 4 Ave,40.68312489,-73.97895137,9393
2020,2,Dean St & Franklin Ave,40.67759206937376,-73.95563721656801,9393
2020,2,Dean St & Hoyt St,40.686444200000004,-73.98759104,9393
2020,2,Degraw St & Hoyt St,40.68199044270703,-73.99079024791719,9393
2020,2,Degraw St & Smith St,40.6829151,-73.99318208,9393
2020,2,Delancey St & Eldridge St,40.719383,-73.991479,9393
2020,2,Devoe St & Lorimer St,40.713,-73.95,9393
2020,2,Devoe St & Lorimer St,40.71335226222875,-73.9491033554077,9393
2020,2,Devoe St & Morgan Ave,40.713811,-73.93515,9393
2020,2,Ditmars Blvd & 19 St,40.78145,-73.9183302,9393
2020,2,Division Ave & Hooper St,40.70684203101325,-73.9544353965357,9393
2020,2,Division Ave & Marcy Ave,40.70708701,-73.95796783,9393
2020,2,Division St & Bowery,40.714193,-73.996732,9393
2020,2,Dock 72 Way & Market St,40.69985,-73.97140999999999,9393
2020,2,Dock 72 Way & Market St,40.701,-73.971,9393
2020,2,Douglass St & 3 Ave,40.6802133,-73.98432695,9393
2020,2,Douglass St & 4 Ave,40.67927879999999,-73.98154004,9393
2020,2,Driggs Ave & Lorimer St,40.72179134,-73.95041540000001,9393
2020,2,Driggs Ave & N 9 St,40.71816969454208,-73.95520135760306,9393
2020,2,Driggs Ave & N Henry St,40.72325,-73.94308000000001,9393
2020,2,Duane St & Greenwich St,40.71748752,-74.0104554,9393
2020,2,Duffield St & Willoughby St,40.69221589,-73.9842844,9393
2020,2,Dwight St & Van Dyke St,40.67363551341504,-74.01195555925368,9393
2020,2,E 10 St & 5 Ave,40.73331967,-73.99510132,9393
2020,2,E 10 St & 5 Ave,40.734,-73.995,9393
2020,2,E 10 St & Avenue A,40.72740794,-73.98142006,9393
2020,2,E 102 St & 1 Ave,40.7869946,-73.94164802,9393
2020,2,E 102 St & Park Ave,40.7904828,-73.95033068,9393
2020,2,E 103 St & Lexington Ave,40.790305100000005,-73.94755757,9393
2020,2,E 106 St & 1 Ave,40.7892529,-73.93956237,9393
2020,2,E 106 St & Lexington Ave,40.791976,-73.945993,9393
2020,2,E 106 St & Madison Ave,40.79343370000001,-73.94945003,9393
2020,2,E 109 St & 3 Ave,40.79329668,-73.9432083,9393
2020,2,E 11 St & 1 Ave,40.72953837,-73.98426726,9393
2020,2,E 11 St & 2 Ave,40.73047309,-73.98672378,9393
2020,2,E 11 St & Avenue B,40.727464206923926,-73.97950418293476,9393
2020,2,E 110 St & Madison Ave,40.796153499999996,-73.94782145,9393
2020,2,E 114 St & 1 Ave,40.79456629999999,-73.9362541,9393
2020,2,E 115 St & Lexington Ave,40.797911,-73.9423,9393
2020,2,E 115 St & Madison Ave,40.7989445,-73.944846,9393
2020,2,E 116 St & 2 Ave,40.796879,-73.93726099999999,9393
2020,2,E 118 St & 1 Ave,40.797470000000004,-73.93504,9393
2020,2,E 118 St & 3 Ave,40.799139000000004,-73.9389152,9393
2020,2,E 118 St & Madison Ave,40.801486600000004,-73.9442507,9393
2020,2,E 118 St & Park Ave,40.8005385,-73.9419949,9393
2020,2,E 12 St & 3 Ave,40.73223272,-73.98889957,9393
2020,2,E 12 St & Ave C,40.727243,-73.976831,9393
2020,2,E 123 St & Lexington Ave,40.802926299999996,-73.9379,9393
2020,2,E 128 St & Madison Ave,40.807559999999995,-73.93918199999999,9393
2020,2,E 13 St & Avenue A,40.72966729392978,-73.98067966103555,9393
2020,2,E 15 St & 3 Ave,40.734,-73.986,9393
2020,2,E 15 St & 3 Ave,40.734232,-73.986923,9393
2020,2,E 16 St & 5 Ave,40.73726186,-73.99238967,9393
2020,2,E 16 St & Irving Pl,40.735367055605394,-73.98797392845155,9393
2020,2,E 17 St & Broadway,40.73704984,-73.99009296,9393
2020,2,E 19 St & 3 Ave,40.73624527,-73.98473765,9393
2020,2,E 2 St & 2 Ave,40.72502876,-73.99069656,9393
2020,2,E 2 St & Avenue A,40.72307749068673,-73.98583620786667,9393
2020,2,E 2 St & Avenue B,40.72217444,-73.98368779,9393
2020,2,E 2 St & Avenue C,40.720873600000004,-73.98085795,9393
2020,2,E 20 St & 2 Ave,40.73587678,-73.98205027,9393
2020,2,E 20 St & FDR Drive,40.73314259,-73.97573881,9393
2020,2,E 20 St & Park Ave,40.73827428,-73.98751968,9393
2020,2,E 23 St & 1 Ave,40.736502,-73.97809472,9393
2020,2,E 24 St & Park Ave S,40.74096374,-73.98602213,9393
2020,2,E 25 St & 1 Ave,40.7381765,-73.97738662,9393
2020,2,E 25 St & 2 Ave,40.73912601,-73.97973776,9393
2020,2,E 27 St & 1 Ave,40.739445,-73.97680600000001,9393
2020,2,E 30 St & Park Ave S,40.74444921,-73.98303529,9393
2020,2,E 31 St & 3 Ave,40.74394314,-73.97966069,9393
2020,2,E 32 St & Park Ave,40.745712100000006,-73.98194829,9393
2020,2,E 33 St & 1 Ave,40.743,-73.97399999999999,9393
2020,2,E 33 St & 1 Ave,40.74322681432173,-73.97449783980845,9393
2020,2,E 33 St & 5 Ave,40.74765947,-73.98490707,9393
2020,2,E 39 St & 2 Ave,40.74780373,-73.97344190000001,9393
2020,2,E 39 St & 2 Ave,40.749,-73.97399999999999,9393
2020,2,E 39 St & 3 Ave,40.7489006,-73.97604882,9393
2020,2,E 39 St & 3 Ave,40.749,-73.977,9393
2020,2,E 4 St & 2 Ave,40.726280700000004,-73.98978041,9393
2020,2,E 41 St & Madison Ave,40.752165280621966,-73.97992193698882,9393
2020,2,E 43 St & 2 Ave,40.75022392,-73.97121414,9393
2020,2,E 43 St & 5 Ave,40.754120810779256,-73.98025184869765,9393
2020,2,E 43 St & 5 Ave,40.755,-73.98,9393
2020,2,E 45 St & 3 Ave,40.75255434,-73.97282625,9393
2020,2,E 47 St & 1 Ave,40.75206862,-73.96784384,9393
2020,2,E 47 St & 2 Ave,40.75323098,-73.97032517,9393
2020,2,E 47 St & Park Ave,40.75510267,-73.97498696,9393
2020,2,E 48 St & 3 Ave,40.7546011026,-73.971878855,9393
2020,2,E 48 St & 5 Ave,40.75724567911726,-73.97805914282799,9393
2020,2,E 5 St & Avenue C,40.72299208,-73.97995466,9393
2020,2,E 51 St & 1 Ave,40.75455731,-73.96592976,9393
2020,2,E 51 St & 2 Ave,40.755293,-73.967641,9393
2020,2,E 51 St & Lexington Ave,40.75714758,-73.97207836,9393
2020,2,E 53 St & Lexington Ave,40.75828065,-73.97069431,9393
2020,2,E 53 St & Madison Ave,40.75971079999999,-73.97402311,9393
2020,2,E 55 St & 2 Ave,40.75797322,-73.96603308,9393
2020,2,E 56 St & 3 Ave,40.75934501,-73.96759673,9393
2020,2,E 56 St & Madison Ave,40.761573,-73.972628,9393
2020,2,E 58 St &  1 Ave (NW Corner),40.759125,-73.96265799999999,9393
2020,2,E 58 St & 1 Ave (NE Corner),40.75892386377695,-73.96226227283478,9393
2020,2,E 58 St & 3 Ave,40.76095756,-73.96724467,9393
2020,2,E 58 St & Madison Ave,40.763025942805186,-73.97209525108337,9393
2020,2,E 59 St & Madison Ave,40.76350532,-73.97109243,9393
2020,2,E 6 St & Avenue B,40.72453734,-73.98185424,9393
2020,2,E 6 St & Avenue D,40.72228087,-73.97668709,9393
2020,2,E 60 St & York Ave,40.759107,-73.959223,9393
2020,2,E 63 St & 3 Ave,40.763954,-73.9646,9393
2020,2,E 65 St & 2 Ave,40.76471851944339,-73.96222069859505,9393
2020,2,E 66 St & Madison Ave,40.768008893059466,-73.96845281124116,9393
2020,2,E 67 St & Park Ave,40.76780080148132,-73.96592080593109,9393
2020,2,E 68 St & 3 Ave,40.76712840349542,-73.96224617958069,9393
2020,2,E 68 St & Madison Ave,40.7691572,-73.96703464,9393
2020,2,E 7 St & Avenue A,40.72621788,-73.98379855,9393
2020,2,E 72 St & Park Ave,40.77118287540658,-73.96409422159195,9393
2020,2,E 72 St & York Ave,40.76663814,-73.95348296,9393
2020,2,E 72 St & York Ave,40.766999999999996,-73.953,9393
2020,2,E 74 St & 1 Ave,40.7689738,-73.95482273,9393
2020,2,E 75 St & 3 Ave,40.77112927,-73.95772297,9393
2020,2,E 76 St & Park Ave,40.773763,-73.96222088,9393
2020,2,E 77 St & 3 Ave,40.77314236,-73.95856158,9393
2020,2,E 78 St & 2 Ave,40.7727966,-73.95577801,9393
2020,2,E 78 St & 2 Ave,40.773,-73.956,9393
2020,2,E 81 St & 2 Ave,40.77477944895728,-73.95427465438844,9393
2020,2,E 81 St & 3 Ave,40.77573034,-73.9567526,9393
2020,2,E 81 St & Park Ave,40.77677702,-73.95900970000001,9393
2020,2,E 81 St & York Ave,40.7728384,-73.94989233,9393
2020,2,E 81 St & York Ave,40.773,-73.95,9393
2020,2,E 82 St & East End Ave,40.7724607,-73.9468208,9393
2020,2,E 84 St & 1 Ave,40.77565541,-73.95068615,9393
2020,2,E 84 St & Park Ave,40.77862688,-73.95772073,9393
2020,2,E 85 St & 3 Ave,40.77801203,-73.95407149,9393
2020,2,E 85 St & 3 Ave,40.779,-73.953,9393
2020,2,E 85 St & York Ave,40.77536905,-73.94803392,9393
2020,2,E 88 St & 1 Ave,40.778301,-73.9488134,9393
2020,2,E 88 St & Park Ave,40.781410700190015,-73.95595908164978,9393
2020,2,E 89 St & 3 Ave,40.7806284,-73.9521667,9393
2020,2,E 89 St & York Ave,40.7779453,-73.94604100000001,9393
2020,2,E 89 St & York Ave,40.779,-73.947,9393
2020,2,E 9 St & Avenue C,40.72521311,-73.97768752,9393
2020,2,E 91 St & 2 Ave,40.781122299341654,-73.94965589046478,9393
2020,2,E 91 St & Park Ave,40.7835016,-73.955327,9393
2020,2,E 93 St & 2 Ave,40.78245417527987,-73.94891962409021,9393
2020,2,E 95 St & 3 Ave,40.7849032,-73.950503,9393
2020,2,E 97 St & 3 Ave,40.7859201,-73.94860294,9393
2020,2,E 97 St & Madison Ave,40.787801,-73.953559,9393
2020,2,E 98 St & Park Ave,40.788129999999995,-73.95206,9393
2020,2,East End Ave & E 86 St,40.77518615,-73.94446054,9393
2020,2,Eastern Pkwy & Franklin Ave,40.670776700000005,-73.9576801,9393
2020,2,Eastern Pkwy & Franklin Ave,40.671,-73.959,9393
2020,2,Eastern Pkwy & Washington Ave,40.6716493,-73.9631145,9393
2020,2,Eldert St & Bushwick Ave,40.68652,-73.91320999999999,9393
2020,2,Emerson Pl & Myrtle Ave,40.69363137,-73.96223558,9393
2020,2,Emerson Pl & Myrtle Ave,40.695,-73.962,9393
2020,2,Engert Ave & McGuinness Blvd,40.721579999999996,-73.94546,9393
2020,2,Evergreen Ave & Noll St,40.70106,-73.93318000000001,9393
2020,2,FDR Drive & E 35 St,40.744219,-73.97121214,9393
2020,2,Fairview Ave & Linden St,40.70694,-73.90632,9393
2020,2,Flushing Ave & Vanderbilt Ave,40.69795031569544,-73.97077560424805,9393
2020,2,Flushing Ave & Woodward Ave,40.71246,-73.91873000000001,9393
2020,2,Forest Ave & Summerfield St,40.699220000000004,-73.89795,9393
2020,2,Forsyth St & Broome St,40.71893904,-73.99266288,9393
2020,2,Forsyth St & Canal St,40.715815500000005,-73.99422366,9393
2020,2,Franklin Ave & Empire Blvd,40.663140000000006,-73.96056949999999,9393
2020,2,Franklin Ave & Myrtle Ave,40.694546087246025,-73.95801365375519,9393
2020,2,Franklin Ave & St Marks Ave,40.6758324,-73.95616770000001,9393
2020,2,Franklin Ave & St Marks Ave,40.677,-73.956,9393
2020,2,Franklin St & Dupont St,40.735640000000004,-73.95866,9393
2020,2,Franklin St & W Broadway,40.719,-74.007,9393
2020,2,Franklin St & W Broadway,40.71911552,-74.00666661,9393
2020,2,Frederick Douglass Blvd & W 112 St,40.801694,-73.957145,9393
2020,2,Frederick Douglass Blvd & W 115 St,40.8038654,-73.95593079999999,9393
2020,2,Frederick Douglass Blvd & W 117 St,40.805159,-73.95469200000001,9393
2020,2,Frederick Douglass Blvd & W 129 St,40.8125511,-73.9492286,9393
2020,2,Front St & Gold St,40.70224,-73.982578,9393
2020,2,Front St & Jay St,40.702461,-73.98684200000001,9393
2020,2,Front St & Maiden Ln,40.70530954,-74.00612572,9393
2020,2,Front St & Washington St,40.70255088,-73.98940236,9393
2020,2,Front St & Washington St,40.704,-73.98899999999999,9393
2020,2,Frost St & Debevoise Ave,40.71882,-73.93948,9393
2020,2,Frost St & Meeker Ave,40.71766197083994,-73.94880026578903,9393
2020,2,Fulton St & Adams St,40.692418292578466,-73.98949474096298,9393
2020,2,Fulton St & Broadway,40.711065999999995,-74.009447,9393
2020,2,Fulton St & Clermont Ave,40.68415748,-73.96922273,9393
2020,2,Fulton St & Irving Pl,40.68186,-73.95943199999999,9393
2020,2,Fulton St & Utica Ave,40.6794268,-73.92989109999999,9393
2020,2,Fulton St & Waverly Ave,40.68323865460341,-73.96599590778352,9393
2020,2,Fulton St & William St,40.70955958,-74.00653609,9393
2020,2,Gansevoort St & Hudson St,40.73944820130404,-74.00507032871245,9393
2020,2,Garfield Pl & 8 Ave,40.671197799999995,-73.97484126,9393
2020,2,George St & Wilson Ave,40.702996999999996,-73.92997,9393
2020,2,Graham Ave & Conselyea St,40.715143,-73.944507,9393
2020,2,Graham Ave & Conselyea St,40.716,-73.944,9393
2020,2,Graham Ave & Grand St,40.711863,-73.944024,9393
2020,2,Graham Ave & Herbert St,40.71929301,-73.94500379,9393
2020,2,Graham Ave & Withers St,40.7169811,-73.94485918,9393
2020,2,Grand Army Plaza & Central Park S,40.764397100000004,-73.97371465,9393
2020,2,Grand Army Plaza & Plaza St West,40.6729679,-73.97087984,9393
2020,2,Grand Ave & Bergen St,40.678045000000004,-73.962408,9393
2020,2,Grand St & Elizabeth St,40.718821999999996,-73.99596,9393
2020,2,Grand St & Greene St,40.72170005235607,-74.00238141417502,9393
2020,2,Grand St & Havemeyer St,40.71286844,-73.95698119,9393
2020,2,Great Jones St,40.72743423,-73.99379025,9393
2020,2,Green St & McGuinness Blvd,40.733959999999996,-73.95204,9393
2020,2,Greene Av & Myrtle Av,40.698568,-73.918877,9393
2020,2,Greene Ave & Grandview Ave,40.709697,-73.90785600000001,9393
2020,2,Greene Ave & Nostrand Ave,40.68833370000001,-73.950916,9393
2020,2,Greene Ave & Throop Ave,40.6894932,-73.942061,9393
2020,2,Greenpoint Ave & Manhattan Ave,40.730259999999994,-73.95394,9393
2020,2,Greenpoint Ave & Manhattan Ave,40.731,-73.953,9393
2020,2,Greenwich Ave & 8 Ave,40.7390169121,-74.0026376103,9393
2020,2,Greenwich Ave & Charles St,40.735238,-74.000271,9393
2020,2,Greenwich St & W Houston St,40.728846000000004,-74.00859100000001,9393
2020,2,Grove St & Broadway,40.69047,-73.923511,9393
2020,2,Halsey St & Broadway,40.68565,-73.91564,9393
2020,2,Halsey St & Evergreen Ave,40.68858,-73.91226999999999,9393
2020,2,Halsey St & Tompkins Ave,40.682368700000005,-73.944118,9393
2020,2,Hancock St & Bedford Ave,40.68216564,-73.95399026,9393
2020,2,Hancock St & Wyckoff Ave,40.6972,-73.90674,9393
2020,2,Hanson Pl & Ashland Pl,40.68506807308177,-73.97790759801863,9393
2020,2,Harman St & Seneca Ave,40.70577,-73.91292,9393
2020,2,Harrison Pl & Porter Ave,40.70686,-73.92851,9393
2020,2,Harrison St & Hudson St,40.71870987,-74.0090009,9393
2020,2,Hart St & Wyckoff Ave,40.704876,-73.919911,9393
2020,2,Henry St & Atlantic Ave,40.69089272,-73.99612349,9393
2020,2,Henry St & Bay St,40.672505799999996,-74.00494695,9393
2020,2,Henry St & Degraw St,40.684751399999996,-73.99917254,9393
2020,2,Henry St & Grand St,40.714211,-73.981095,9393
2020,2,Henry St & Middagh St,40.7003,-73.99158100000001,9393
2020,2,Henry St & W 9 St,40.6763744,-74.00324957,9393
2020,2,Hicks St & Montague St,40.69512845,-73.99595065,9393
2020,2,Hope St & Union Ave,40.71167351,-73.95141312,9393
2020,2,Howard St & Centre St,40.71910537,-73.99973337,9393
2020,2,Hudson St & Reade St,40.71625008,-74.0091059,9393
2020,2,Humboldt St & Varet St,40.7031724,-73.940636,9393
2020,2,Huron St & Franklin St,40.732659999999996,-73.95826,9393
2020,2,India St & Manhattan Ave,40.73232194,-73.9550858,9393
2020,2,India St & West St,40.73181401720966,-73.95995020866394,9393
2020,2,Irving Ave & DeKalb Ave,40.7027,-73.92095,9393
2020,2,Irving Ave & Halsey St,40.69467,-73.90663,9393
2020,2,Irving Ave & Harman St,40.70108,-73.9179,9393
2020,2,Irving Ave & Jefferson St,40.70538,-73.92535,9393
2020,2,Irving Ave & Palmetto St,40.698,-73.9127,9393
2020,2,Jackson Ave & 46 Rd,40.74524768,-73.94733276,9393
2020,2,Jackson St & Leonard St,40.716380319735606,-73.94821286201476,9393
2020,2,Jay St & Tech Pl,40.695065,-73.987167,9393
2020,2,Jay St & York St,40.70140317257725,-73.98672670125961,9393
2020,2,Jefferson Ave & Evergreen Ave,40.689890000000005,-73.91458,9393
2020,2,Jefferson St & Cypress Ave,40.709070000000004,-73.92156999999999,9393
2020,2,John St & William St,40.70862144,-74.00722156,9393
2020,2,Johnson St & Gold St,40.69474881,-73.98362464,9393
2020,2,Kane St & Clinton St,40.686175799999994,-73.99645295,9393
2020,2,Kent Ave & N 7 St,40.72036775298455,-73.96165072917937,9393
2020,2,Kent Ave & S 11 St,40.7076449441757,-73.96841526031494,9393
2020,2,Kent St & McGuinness Blvd,40.73124,-73.95161,9393
2020,2,Kingsland Ave & Nassau Ave,40.725770000000004,-73.94173,9393
2020,2,Kingston Ave & Herkimer St,40.67890679,-73.94142771,9393
2020,2,Knickerbocker Ave & Cooper St,40.69081,-73.90448,9393
2020,2,Knickerbocker Ave & George St,40.704425,-73.92836,9393
2020,2,Knickerbocker Ave & Halsey St,40.693000000000005,-73.90824,9393
2020,2,Knickerbocker Ave & Hancock St,40.69385,-73.90974,9393
2020,2,Knickerbocker Ave & Thames St,40.70539,-73.92976,9393
2020,2,Kosciuszko St & Nostrand Ave,40.69072549,-73.95133465,9393
2020,2,Kosciuszko St & Tompkins Ave,40.69128258,-73.9452416,9393
2020,2,LaGuardia Pl & W 3 St,40.72917025,-73.99810231,9393
2020,2,Lafayette Ave & Classon Ave,40.689,-73.959,9393
2020,2,Lafayette Ave & Classon Ave,40.68900443,-73.96023854,9393
2020,2,Lafayette Ave & Fort Greene Pl,40.686,-73.977,9393
2020,2,Lafayette Ave & Fort Greene Pl,40.68691865,-73.976682,9393
2020,2,Lafayette Ave & St James Pl,40.68851534,-73.9647628,9393
2020,2,Lafayette St & E 8 St,40.73020660529954,-73.99102628231049,9393
2020,2,Lafayette St & Jersey St,40.72456089,-73.99565293,9393
2020,2,Laight St & Hudson St,40.72185379,-74.00771779,9393
2020,2,Lawrence St & Willoughby St,40.692,-73.986,9393
2020,2,Lawrence St & Willoughby St,40.69236178,-73.98631746,9393
2020,2,Lefferts Pl & Franklin Ave,40.680342423,-73.9557689392,9393
2020,2,Lenox Ave & W 111 St,40.7987859,-73.9523,9393
2020,2,Lenox Ave & W 115 St,40.8,-73.95,9393
2020,2,Lenox Ave & W 115 St,40.8011939,-73.9500739,9393
2020,2,Lenox Ave & W 117 St,40.8025566,-73.9490782,9393
2020,2,Lenox Ave & W 126 St,40.808442,-73.94520870000001,9393
2020,2,Lenox Ave & W 130 St,40.8107922,-73.9430681,9393
2020,2,Leonard St & Boerum St,40.70583339,-73.94644578,9393
2020,2,Leonard St & Boerum St,40.707,-73.947,9393
2020,2,Leonard St & Church St,40.717571,-74.005549,9393
2020,2,Leonard St & Maujer St,40.71036854235229,-73.94705951213838,9393
2020,2,Leonard St & Nassau Ave,40.7239567849954,-73.94984364509583,9393
2020,2,Leonard St & Nassau Ave,40.725,-73.95,9393
2020,2,Lewis Ave & Decatur St,40.6814598,-73.934903,9393
2020,2,Lewis Ave & Kosciuszko St,40.69237074,-73.93705428,9393
2020,2,Lewis Ave & Madison St,40.686312,-73.935775,9393
2020,2,Lexington Ave & Classon Ave,40.68676793,-73.95928168,9393
2020,2,Lexington Ave & E 111 St,40.79541210000001,-73.9441232,9393
2020,2,Lexington Ave & E 120 St,40.8013066,-73.93981670000001,9393
2020,2,Lexington Ave & E 127 St,40.805726,-73.936322,9393
2020,2,Lexington Ave & E 26 St,40.74,-73.983,9393
2020,2,Lexington Ave & E 26 St,40.741459000000006,-73.983293,9393
2020,2,Lexington Ave & E 29 St,40.74311555376486,-73.98215353488922,9393
2020,2,Lexington Ave & E 36 St,40.747573958954796,-73.97880077362059,9393
2020,2,Liberty St & Broadway,40.70905623,-74.01043382,9393
2020,2,Lincoln Pl & Classon Ave,40.672168299999996,-73.9609,9393
2020,2,Linden St & Knickerbocker Ave,40.697140000000005,-73.91566,9393
2020,2,Lispenard St & Broadway,40.71939226,-74.00247214,9393
2020,2,Little West St & 1 Pl,40.70569254,-74.01677685,9393
2020,2,Lorimer St & Broadway,40.70411791,-73.94818595,9393
2020,2,Lorimer St & Calyer St,40.72795,-73.95414,9393
2020,2,MacDougal St & Prince St,40.72710258,-74.00297088,9393
2020,2,MacDougal St & Washington Sq,40.73226398,-73.99852205,9393
2020,2,Macon St & Nostrand Ave,40.6809833854,-73.9500479759,9393
2020,2,Madison Ave & E 120 St,40.80295,-73.942954,9393
2020,2,Madison Ave & E 82 St,40.7781314,-73.96069399,9393
2020,2,Madison Ave & E 99 St,40.78948541553215,-73.9524292945862,9393
2020,2,Madison St & Clinton St,40.71269042,-73.98776323,9393
2020,2,Madison St & Cypress Ave,40.70068,-73.90742,9393
2020,2,Madison St & Evergreen Ave,40.69122,-73.91693000000001,9393
2020,2,Madison St & Forest Ave,40.70555,-73.90245,9393
2020,2,Madison St & Montgomery St,40.713126,-73.984844,9393
2020,2,Madison St & Seneca Ave,40.70183,-73.90625,9393
2020,2,Madison St & Woodward Ave,40.70408,-73.90408000000001,9393
2020,2,Maiden Ln & Pearl St,40.70706456,-74.00731853,9393
2020,2,Manhattan Av & Leonard St,40.72084,-73.94844,9393
2020,2,Marcus Garvey Blvd & Macon St,40.682601,-73.938037,9393
2020,2,Marcy Ave & Lafayette Ave,40.6900815,-73.94791500000001,9393
2020,2,Market St & Cherry St,40.71076228,-73.99400398,9393
2020,2,McGuinness Blvd & Eagle St,40.73555,-73.95284000000001,9393
2020,2,McGuinness Blvd & Eagle St,40.736999999999995,-73.953,9393
2020,2,McKibbin St & Bogart St,40.706237,-73.933871,9393
2020,2,McKibbin St & Manhattan Ave,40.70510918,-73.94407279,9393
2020,2,Melrose St & Broadway,40.697480999999996,-73.935877,9393
2020,2,Menahan St & Central Ave,40.69543,-73.9196,9393
2020,2,Menahan St & Onderdonk Ave,40.705529999999996,-73.9096,9393
2020,2,Menahan St & Seneca Ave,40.704609999999995,-73.91054,9393
2020,2,Menahan St & Wyckoff Ave,40.70113,-73.91422,9393
2020,2,Mercer St & Bleecker St,40.72706363348306,-73.99662137031554,9393
2020,2,Mercer St & Spring St,40.72362738,-73.99949601,9393
2020,2,Meserole Ave & Manhattan Ave,40.72708584,-73.95299117,9393
2020,2,Meserole Ave & Manhattan Ave,40.728,-73.953,9393
2020,2,Metropolitan Ave & Bedford Ave,40.71534825,-73.96024116,9393
2020,2,Metropolitan Ave & Meeker Ave,40.71413311,-73.95234386,9393
2020,2,Metropolitan Ave & Stewart Ave,40.714009999999995,-73.92793,9393
2020,2,Metropolitan Ave & Vandervoort Ave,40.714290000000005,-73.93323000000001,9393
2020,2,Milton St & Franklin St,40.72906,-73.95779,9393
2020,2,Moffat St & Bushwick,40.68458,-73.90925,9393
2020,2,Monroe St & Bedford Ave,40.6851443,-73.95380904,9393
2020,2,Monroe St & Classon Ave,40.684568299999995,-73.95881081,9393
2020,2,Monroe St & Tompkins Ave,40.686203000000006,-73.944694,9393
2020,2,Montague St & Clinton St,40.694281141397326,-73.99230033159256,9393
2020,2,Montague St & Clinton St,40.695,-73.992,9393
2020,2,Montgomery St & Franklin Ave,40.666439306870814,-73.96055638790129,9393
2020,2,Montrose Ave & Bushwick Ave,40.70767788,-73.94016171,9393
2020,2,Morgan Ave & Lombardy St,40.72226,-73.93889,9393
2020,2,Morgan Ave & Maspeth Ave,40.716657,-73.93637,9393
2020,2,Morningside Ave & W 123 St,40.81,-73.9551508,9393
2020,2,Morningside Dr & Amsterdam Ave,40.81028506306003,-73.95736455917357,9393
2020,2,Mott St & Prince St,40.72317958,-73.99480012,9393
2020,2,Mt Morris Park W & W 120 St,40.804038,-73.945925,9393
2020,2,Murray St & Greenwich St,40.71485150526252,-74.01122331619263,9393
2020,2,Murray St & West St,40.7149787,-74.013012,9393
2020,2,Myrtle Ave & Grove St,40.69905,-73.91516,9393
2020,2,Myrtle Ave & Lewis Ave,40.69681963,-73.93756926,9393
2020,2,Myrtle Ave & Linden St,40.69943,-73.91337,9393
2020,2,Myrtle Ave & Marcy Ave,40.69539817,-73.94954908,9393
2020,2,Myrtle Ave & St Edwards St,40.69327018,-73.97703874,9393
2020,2,N 11 St & Kent Ave,40.72248188638219,-73.95921930670737,9393
2020,2,N 12 St & Bedford Ave,40.72079821,-73.95484712,9393
2020,2,N 12 St & Bedford Ave,40.722,-73.956,9393
2020,2,N 15 St & Wythe Ave,40.724055,-73.955736,9393
2020,2,N 6 St & Bedford Ave,40.71745169,-73.95850939,9393
2020,2,Nassau Ave & Newell St,40.724812564400175,-73.94752621650694,9393
2020,2,Nassau Ave & Newell St,40.725,-73.947,9393
2020,2,Nassau Ave & Russell St,40.725,-73.944,9393
2020,2,Nassau Ave & Russell St,40.725570000000005,-73.94434,9393
2020,2,Nassau St & Navy St,40.69839895,-73.98068914,9393
2020,2,Newton Rd & 44 St,40.7595701,-73.91426779999999,9393
2020,2,Newtown Ave & 23 St,40.7713615,-73.9246145,9393
2020,2,Norfolk St & Broome St,40.7172274,-73.98802084,9393
2020,2,Norman St & Wyckoff Ave,40.695170000000005,-73.90311,9393
2020,2,North Moore St & Greenwich St,40.72019521437465,-74.0103006362915,9393
2020,2,Nostrand Ave & Myrtle Ave,40.69527008,-73.95238108,9393
2020,2,Old Fulton St,40.70277159,-73.99383605,9393
2020,2,Old Slip & Front St,40.703799200000006,-74.00838676,9393
2020,2,Onderdonk Ave & Dekalb Ave,40.70863,-73.91497,9393
2020,2,Onderdonk Ave & Gates Ave,40.70413,-73.90737,9393
2020,2,Pacific St & Classon Ave,40.67919439999999,-73.95879029999999,9393
2020,2,Pacific St & Nevins St,40.6853761,-73.98302136,9393
2020,2,Pacific St & Nevins St,40.686,-73.983,9393
2020,2,Park Ave & E 124 St,40.8045555,-73.93968609999999,9393
2020,2,Park Ave & Marcus Garvey Blvd,40.698617,-73.941342,9393
2020,2,Park Ave & St Edwards St,40.69608941,-73.97803415,9393
2020,2,Park Pl & Church St,40.71334184275907,-74.00935515761375,9393
2020,2,Park Pl & Franklin Ave,40.67418060000001,-73.95649470000001,9393
2020,2,Park Pl & Vanderbilt Ave,40.6767,-73.969024,9393
2020,2,Pearl St & Hanover Square,40.7047177,-74.00926027,9393
2020,2,Pearl St & Peck Slip,40.708484999999996,-74.002751,9393
2020,2,Perry St & Bleecker St,40.73535398,-74.00483091,9393
2020,2,Perry St & Greenwich Ave,40.735918,-74.000939,9393
2020,2,Pershing Square North,40.751872999999996,-73.97770600000001,9393
2020,2,Pershing Square South,40.751581,-73.97791,9393
2020,2,Pier 40 - Hudson River Park,40.7277140777778,-74.01129573583603,9393
2020,2,Pierrepont St & Monroe Pl,40.69535693320225,-73.99344027042389,9393
2020,2,Pike St & E Broadway,40.71406667,-73.99293911,9393
2020,2,Pike St & Monroe St,40.71173107,-73.99193043,9393
2020,2,Pioneer St & Richards St,40.677774799999995,-74.0094613,9393
2020,2,Pioneer St & Van Brunt St,40.679043,-74.011169,9393
2020,2,Pitt St & Stanton St,40.71926081,-73.98178024,9393
2020,2,Plaza St West & Flatbush Ave,40.675020700000005,-73.97111473,9393
2020,2,Pleasant Ave & E 116 St,40.794987899999995,-73.9333349,9393
2020,2,Pleasant Ave & E 120 St,40.7974772,-73.9311847,9393
2020,2,Powers St & Olive St,40.713229999999996,-73.93894,9393
2020,2,President St & Henry St,40.6828003,-73.99990419,9393
2020,2,Prospect Park West & 8 St,40.665,-73.977,9393
2020,2,Prospect Park West & 8 St,40.66514681533792,-73.97637605667114,9393
2020,2,Prospect Pl & 6 Ave,40.6793307,-73.97519523,9393
2020,2,Prospect Pl & Underhill Ave,40.6769694,-73.96579,9393
2020,2,Prospect Pl & Underhill Ave,40.677,-73.965,9393
2020,2,Pulaski St & Marcus Garvey Blvd,40.693398200000004,-73.939877,9393
2020,2,Putnam Ave & Knickerbocker Ave,40.69545,-73.91164,9393
2020,2,Putnam Ave & Nostrand Ave,40.684020000000004,-73.94977,9393
2020,2,Putnam Ave & Throop Ave,40.6851532,-73.94111,9393
2020,2,Putnam Ave & Wyckoff Ave,40.69811,-73.90904,9393
2020,2,Queens Plaza North & Crescent St,40.75110165,-73.94073717,9393
2020,2,Railroad Ave & Kay Ave,40.70531194,-73.97100056,9393
2020,2,Reade St & Broadway,40.71450451,-74.00562789,9393
2020,2,Richards St & Delavan St,40.67943270000001,-74.00785041,9393
2020,2,Richardson St & N Henry St,40.71907891179564,-73.94223690032959,9393
2020,2,Riverside Blvd & W 67 St,40.777507027547976,-73.98888587951659,9393
2020,2,Riverside Dr & W 104 St,40.8013434,-73.97114574390001,9393
2020,2,Riverside Dr & W 72 St,40.780577990103346,-73.98562431335448,9393
2020,2,Riverside Dr & W 78 St,40.78414472,-73.98362492,9393
2020,2,Riverside Dr & W 82 St,40.78720869,-73.98128127,9393
2020,2,Riverside Dr & W 91 St,40.793134809866636,-73.97700369358063,9393
2020,2,Rivington St & Chrystie St,40.72110063,-73.99192540000001,9393
2020,2,Rivington St & Ridge St,40.71850211,-73.98329859,9393
2020,2,Rockaway Ave & Bainbridge St,40.68319988172761,-73.91166642308234,9393
2020,2,Roebling St & N 4 St,40.714690000000004,-73.95739,9393
2020,2,Rogers Ave & Sterling St,40.6630619,-73.95387459999999,9393
2020,2,S 3 St & Bedford Ave,40.71260486,-73.96264403,9393
2020,2,S 3 St & Bedford Ave,40.713,-73.962,9393
2020,2,S 4 St & Rodney St,40.709340000000005,-73.95608,9393
2020,2,S 4 St & Wythe Ave,40.71285887,-73.96590294,9393
2020,2,S 5 Pl & S 5 St,40.710451,-73.960876,9393
2020,2,S Portland Ave & Hanson Pl,40.68539567,-73.97431458,9393
2020,2,Sands St Gate,40.699569,-73.979827,9393
2020,2,Schermerhorn St & Bond St,40.68841742754083,-73.98451656103134,9393
2020,2,Schermerhorn St & Bond St,40.689,-73.986,9393
2020,2,Schermerhorn St & Court St,40.69102925677968,-73.99183362722397,9393
2020,2,Scholes St & Manhattan Ave,40.70870368,-73.9448625,9393
2020,2,Sharon St & Olive St,40.715353,-73.93856,9393
2020,2,Sigourney St & Columbia St,40.67267243410948,-74.00879524648191,9393
2020,2,Smith St & 3 St,40.678724200000005,-73.99599099,9393
2020,2,Smith St & 9 St,40.67469570000001,-73.99785768,9393
2020,2,Somers St & Broadway,40.67945,-73.90474,9393
2020,2,South End Ave & Liberty St,40.711512,-74.01575600000001,9393
2020,2,South St & Gouverneur Ln,40.70355377,-74.00670227,9393
2020,2,South St & Whitehall St,40.70122128,-74.01234218,9393
2020,2,Spruce St & Nassau St,40.71146364,-74.00552427,9393
2020,2,St James Pl & Oliver St,40.71307916,-73.99851193,9393
2020,2,St James Pl & Pearl St,40.71117416,-74.00016545,9393
2020,2,St Johns Pl & Washington Ave,40.6737236,-73.9631611,9393
2020,2,St Johns Pl & Washington Ave,40.674,-73.962,9393
2020,2,St Marks Pl & 1 Ave,40.72779126,-73.98564945,9393
2020,2,St Marks Pl & 2 Ave,40.7284186,-73.98713956,9393
2020,2,St Nicholas Ave & Manhattan Ave,40.809725,-73.953149,9393
2020,2,St. Nicholas Ave & W 126 St,40.8114323,-73.95187759999999,9393
2020,2,Stagg St & Morgan Ave,40.710681,-73.93372,9393
2020,2,Stagg St & Union Ave,40.70877084,-73.95095259,9393
2020,2,Stanhope St & Fairview Ave,40.70998,-73.91116,9393
2020,2,Stanton St & Chrystie St,40.72229346,-73.99147535,9393
2020,2,Stanton St & Mangin St,40.71782143,-73.97628939,9393
2020,2,Stanton St & Norfolk St,40.720746999999996,-73.986274,9393
2020,2,State St & Smith St,40.689,-73.98899999999999,9393
2020,2,State St & Smith St,40.68926942,-73.98912867,9393
2020,2,Steinway St & 23 Ave,40.771393700000004,-73.9077436,9393
2020,2,Steinway St & 28 Ave,40.7656251,-73.9136695,9393
2020,2,Stephen St & Seneca Ave,40.6988,-73.9007,9393
2020,2,Sterling Pl & Bedford Ave,40.672695000000004,-73.954131,9393
2020,2,Sterling St & Bedford Ave,40.6627059,-73.9569115,9393
2020,2,Stewart Ave & Johnson Ave,40.708690000000004,-73.92586999999999,9393
2020,2,Stockholm St & Wilson Ave,40.699304,-73.92304399999999,9393
2020,2,Stuyvesant Walk & 1 Av Loop,40.732339777151054,-73.97898383438587,9393
2020,2,Suffolk St & Stanton St,40.72066442,-73.98517977,9393
2020,2,Sullivan Pl & Bedford Ave,40.6642406,-73.9574686,9393
2020,2,Sullivan St & Washington Sq,40.73047747,-73.99906065,9393
2020,2,Suydam St & Broadway,40.695440000000005,-73.93223,9393
2020,2,Suydam St & Knickerbocker Ave,40.702013,-73.923769,9393
2020,2,Suydam St & St. Nicholas Ave,40.70636,-73.91945,9393
2020,2,Throop Ave & Myrtle Ave,40.69622937,-73.94371094,9393
2020,2,Tompkins Ave & Hopkins St,40.69957608,-73.94708417,9393
2020,2,Underhill Ave & Lincoln Pl,40.674012299999994,-73.9671457,9393
2020,2,Underhill Ave & Pacific St,40.6804836,-73.9646795,9393
2020,2,Union Ave & Jackson St,40.7160751,-73.95202900000001,9393
2020,2,Union Ave & N 12 St,40.71924,-73.95241999999999,9393
2020,2,Union Ave & Wallabout St,40.70029511,-73.95032283,9393
2020,2,Union St & 4 Ave,40.6772744,-73.98282002,9393
2020,2,Union St & Bedford Ave,40.6691783,-73.9554162,9393
2020,2,Union St & Nevins St,40.67909799721684,-73.98765474557877,9393
2020,2,University Pl & E 14 St,40.734814,-73.992085,9393
2020,2,University Pl & E 8 St,40.731,-73.995,9393
2020,2,University Pl & E 8 St,40.73143724085228,-73.99490341544151,9393
2020,2,Van Brunt St & Van Dyke St,40.675832943912894,-74.01472628116608,9393
2020,2,Van Brunt St & Wolcott St,40.6773429,-74.01275056,9393
2020,2,Van Buren St & Broadway,40.692,-73.92617,9393
2020,2,Van Sinderen Ave & Truxton St,40.6786,-73.90369,9393
2020,2,Vernon Blvd & 10 St,40.7671863,-73.9373554,9393
2020,2,Vernon Blvd & 30 Rd,40.770845,-73.93417099999999,9393
2020,2,Vernon Blvd & 31 Ave,40.7692475,-73.93545040000001,9393
2020,2,Vernon Blvd & 41 Rd,40.7552433,-73.94856779999999,9393
2020,2,Vernon Blvd & 47 Rd,40.7449067,-73.9534573,9393
2020,2,Vernon Blvd & 50 Ave,40.74232744,-73.95411749,9393
2020,2,Vernon Blvd & 50 Ave,40.743,-73.953,9393
2020,2,Verona Pl & Fulton St,40.680356084043396,-73.94767910242079,9393
2020,2,Vesey Pl & River Terrace,40.715337899999994,-74.01658354,9393
2020,2,W 100 St & Broadway,40.797372100000004,-73.97041192,9393
2020,2,W 100 St & Manhattan Ave,40.795,-73.9645,9393
2020,2,W 104 St & Amsterdam Ave,40.79904139288298,-73.96649479866028,9393
2020,2,W 106 St & Amsterdam Ave,40.80083629999999,-73.9664492472,9393
2020,2,W 106 St & Central Park West,40.798185600000004,-73.96059090060001,9393
2020,2,W 107 St & Columbus Ave,40.7997568,-73.9621128676,9393
2020,2,W 11 St & 6 Ave,40.73532427,-73.99800419,9393
2020,2,W 110 St & Amsterdam Ave,40.802692,-73.96295,9393
2020,2,W 113 St & Broadway,40.805973,-73.964928,9393
2020,2,W 116 St & Amsterdam Ave,40.8067581,-73.9607082,9393
2020,2,W 116 St & Broadway,40.8082,-73.9641,9393
2020,2,W 120 St & Claremont Ave,40.8109494,-73.9634,9393
2020,2,W 129 St & Convent Ave,40.81439443791581,-73.95324736833571,9393
2020,2,W 13 St & 5 Ave,40.735445,-73.99431,9393
2020,2,W 13 St & 7 Ave,40.73781509,-73.99994661,9393
2020,2,W 15 St & 10 Ave,40.742753828659026,-74.00747358798982,9393
2020,2,W 15 St & 6 Ave,40.73804614248277,-73.99642959237099,9393
2020,2,W 15 St & 7 Ave,40.73935542,-73.99931783,9393
2020,2,W 16 St & The High Line,40.74334935,-74.00681753,9393
2020,2,W 17 St & 8 Ave,40.74177603,-74.00149746,9393
2020,2,W 18 St & 6 Ave,40.73971301,-73.99456405,9393
2020,2,W 18 St & 9 Ave,40.7435337324616,-74.00367558002472,9393
2020,2,W 20 St & 11 Ave,40.746745000000004,-74.007756,9393
2020,2,W 20 St & 7 Ave,40.74238787,-73.99726235,9393
2020,2,W 20 St & 8 Ave,40.74345335,-74.00004031,9393
2020,2,W 21 St & 6 Ave,40.74173969,-73.99415556,9393
2020,2,W 22 St & 10 Ave,40.74691959,-74.00451887,9393
2020,2,W 22 St & 8 Ave,40.74475148,-73.99915362,9393
2020,2,W 24 St & 7 Ave,40.74487634,-73.99529885,9393
2020,2,W 25 St & 6 Ave,40.74395411,-73.99144871,9393
2020,2,W 26 St & 10 Ave,40.749717753,-74.002950346,9393
2020,2,W 26 St & 8 Ave,40.74734825,-73.99723551,9393
2020,2,W 27 St & 7 Ave,40.746646999999996,-73.993915,9393
2020,2,W 30 St & 10 Ave,40.752694,-74.002353,9393
2020,2,W 31 St & 7 Ave,40.749,-73.992,9393
2020,2,W 31 St & 7 Ave,40.749156,-73.9916,9393
2020,2,W 33 St & 7 Ave,40.75019995,-73.99093085,9393
2020,2,W 34 St & 11 Ave,40.75594159,-74.0021163,9393
2020,2,W 35 St & Dyer Ave,40.754691750226016,-73.9974018931389,9393
2020,2,W 37 St & 10 Ave,40.75660359,-73.9979009,9393
2020,2,W 37 St & 5 Ave,40.75038009,-73.98338988,9393
2020,2,W 38 St & 8 Ave,40.75466591,-73.99138152,9393
2020,2,W 4 St & 7 Ave S,40.73401143,-74.00293877,9393
2020,2,W 40 St & 5 Ave,40.752269,-73.982079,9393
2020,2,W 41 St & 8 Ave,40.75640548,-73.9900262,9393
2020,2,W 42 St & 6 Ave,40.75492,-73.98455,9393
2020,2,W 42 St & 6 Ave,40.755,-73.986,9393
2020,2,W 42 St & 8 Ave,40.75756989999999,-73.99098507,9393
2020,2,W 42 St & Dyer Ave,40.758,-73.995,9393
2020,2,W 42 St & Dyer Ave,40.75898481399634,-73.99379968643187,9393
2020,2,W 43 St & 10 Ave,40.76009437,-73.99461843,9393
2020,2,W 44 St & 5 Ave,40.75500254,-73.98014437,9393
2020,2,W 45 St & 6 Ave,40.7568001,-73.98291153,9393
2020,2,W 45 St & 8 Ave,40.75929124,-73.98859651,9393
2020,2,W 46 St & 11 Ave,40.76341379,-73.99667444,9393
2020,2,W 46 St & 11 Ave,40.764,-73.998,9393
2020,2,W 47 St & 10 Ave,40.76269882,-73.99301222,9393
2020,2,W 47 St & 6 Ave,40.758396999999995,-73.98255,9393
2020,2,W 49 St & 8 Ave,40.76227205,-73.98788205,9393
2020,2,W 50 St & 9 Ave,40.76360467795863,-73.98917958140373,9393
2020,2,W 52 St & 11 Ave,40.76727216,-73.99392888,9393
2020,2,W 52 St & 5 Ave,40.75992262,-73.97648516,9393
2020,2,W 52 St & 6 Ave,40.760999999999996,-73.98,9393
2020,2,W 52 St & 6 Ave,40.76132983124814,-73.97982001304626,9393
2020,2,W 53 St & 10 Ave,40.76669671,-73.99061728,9393
2020,2,W 54 St & 9 Ave,40.76584941,-73.98690506,9393
2020,2,W 54 St & 9 Ave,40.766999999999996,-73.986,9393
2020,2,W 55 St & 6 Ave,40.763189000000004,-73.978434,9393
2020,2,W 56 St & 10 Ave,40.768254,-73.988639,9393
2020,2,W 59 St & 10 Ave,40.770513,-73.988038,9393
2020,2,W 63 St & Broadway,40.77163851,-73.98261428,9393
2020,2,W 63 St & Broadway,40.773,-73.983,9393
2020,2,W 64 St & Thelonious Monk Circle,40.77515953434235,-73.98918695747851,9393
2020,2,W 67 St & Broadway,40.77492513,-73.98266566,9393
2020,2,W 70 St & Amsterdam Ave,40.77748046,-73.98288594,9393
2020,2,W 74 St & Columbus Ave,40.7785669,-73.97754961,9393
2020,2,W 76 St & Columbus Ave,40.779,-73.977,9393
2020,2,W 76 St & Columbus Ave,40.7801839724239,-73.97728532552719,9393
2020,2,W 82 St & Central Park West,40.78275,-73.97137,9393
2020,2,W 84 St & Broadway,40.7867947,-73.977112,9393
2020,2,W 84 St & Columbus Ave,40.78499979,-73.97283406,9393
2020,2,W 87 St & Amsterdam Ave,40.78839,-73.9747,9393
2020,2,W 87 St & West End Ave,40.789621999999994,-73.97757,9393
2020,2,W 89 St & Columbus Ave,40.7882213,-73.97041561,9393
2020,2,W 90 St & Amsterdam Ave,40.79017948095081,-73.97288918495178,9393
2020,2,W 92 St & Broadway,40.7921,-73.9739,9393
2020,2,W 95 St & Broadway,40.7937704,-73.971888,9393
2020,2,W Broadway & Spring St,40.72494672359416,-74.00165855884552,9393
2020,2,W Broadway & W Houston St,40.726378000000004,-74.000472,9393
2020,2,Warren St & Court St,40.686371,-73.99383324,9393
2020,2,Washington Ave & Greene Ave,40.68650065,-73.96563307,9393
2020,2,Washington Ave & Park Ave,40.69610226,-73.96751037,9393
2020,2,Washington Park,40.6917823,-73.97372990000001,9393
2020,2,Washington Pl & 6 Ave,40.73224119,-74.00026394,9393
2020,2,Washington Pl & Broadway,40.72903917,-73.99404649,9393
2020,2,Washington St & Gansevoort St,40.739323,-74.008119,9393
2020,2,Water - Whitehall Plaza,40.70255065,-74.0127234,9393
2020,2,Waterbury St & Stagg St,40.710190000000004,-73.93734,9393
2020,2,Watts St & Greenwich St,40.72405549,-74.00965965,9393
2020,2,West Drive & Prospect Park West,40.6610633719006,-73.97945255041121,9393
2020,2,West Drive & Prospect Park West,40.662,-73.98,9393
2020,2,West End Ave & W 107 St,40.8021174,-73.9681805305,9393
2020,2,West End Ave & W 78 St,40.783786,-73.981687,9393
2020,2,West End Ave & W 94 St,40.794000000000004,-73.97399999999999,9393
2020,2,West End Ave & W 94 St,40.7941654,-73.974124,9393
2020,2,West St & Chambers St,40.71754834,-74.01322069,9393
2020,2,West Thames St,40.70834698,-74.01713445,9393
2020,2,White St & Johnson Ave,40.707174,-73.93581,9393
2020,2,White St & Moore St,40.704508000000004,-73.9351,9393
2020,2,William St & Pine St,40.70717936,-74.00887308,9393
2020,2,Willoughby Ave & Hall St,40.69196035,-73.96536851,9393
2020,2,Willoughby Ave & Myrtle Ave,40.69757,-73.93098,9393
2020,2,Willoughby Ave & Onderdonk Ave,40.7098,-73.91727,9393
2020,2,Willoughby Ave & Tompkins Ave,40.69425403,-73.94626915,9393
2020,2,Willoughby Ave & Walworth St,40.69331716,-73.95381995,9393
2020,2,Willoughby Ave & Wyckoff Ave,40.705614000000004,-73.92153,9393
2020,2,Willoughby St & Ashland Pl,40.69178,-73.97877,9393
2020,2,Willoughby St & Fleet St,40.69196566,-73.9813018,9393
2020,2,Willoughby St & Fleet St,40.692,-73.98,9393
2020,2,Wilson Ave & Moffat St,40.68906,-73.90505999999999,9393
2020,2,Wilson Ave & Troutman St,40.70166,-73.92754000000001,9393
2020,2,Withers St & Kingsland Ave,40.717729999999996,-73.94051,9393
2020,2,Wolcott St & Dwight St,40.6753274,-74.0100698,9393
2020,2,Woodward Ave & Harman St,40.70793,-73.91091999999999,9393
2020,2,Wyckoff Av & Jefferson St,40.707165,-73.923711,9393
2020,2,Wyckoff Av & Stanhope St,40.703545,-73.917775,9393
2020,2,Wyckoff St & Bond St,40.68461653897949,-73.98721285164356,9393
2020,2,Wyckoff St & Nevins St,40.683426000000004,-73.984275,9393
2020,2,Wythe Ave & Metropolitan Ave,40.716887,-73.96319799999999,9393
